id_waktu;id_berita;id_kalimat;waktu;isValid
1;15;590;Tidak Ada;1
2;3;92;2017;1
3;3;93;Kamis (9/11);1
4;3;93;Minggu (12/11/2017);1
5;3;94;2005;1
6;15;579;Tidak Ada;1
7;3;95;2015;1
8;3;96;Tidak Ada;1
9;3;97;Tidak Ada;1
10;15;590;Tidak Ada;1
11;15;579;Tidak Ada;1
12;15;580;Tidak Ada;1
13;15;581;Tidak Ada;1
14;15;583;Tidak Ada;1
15;15;587;Maret 2016;1
16;15;588;Tidak Ada;1
17;3;92;Tidak Ada;2
18;3;93;Kamis (9/11);1
19;3;93;Minggu (12/11/2017);1
20;3;94;2005;1
21;3;94;kali pertama;2
22;3;95;tahun yang ketiga;2
23;3;95;pertama kali;2
24;3;96;tiga tahun terakhir;2
25;3;97;Tidak Ada;2
26;3;98;tahun-tahun sebelumnya;2
27;23;851;Minggu (12/11/2017);1
28;3;99;tahun ini;2
29;3;100;Kamis (9/11);1
30;3;101;Tidak Ada;2
31;3;102;Tidak Ada;2
32;3;103;Tidak Ada;2
33;3;104;Tidak Ada;2
34;3;105;Tidak Ada;2
35;15;590;Tidak Ada;2
36;3;106;Tidak Ada;2
37;15;579;Tidak Ada;2
38;15;580;Tidak Ada;2
39;15;581;Tidak Ada;2
40;3;107;Tidak Ada;2
41;3;108;Setelah;2
42;15;583;Tidak Ada;2
43;3;109;Tidak Ada;2
44;3;110;Sabtu (11/11);2
45;15;587;Maret 2016;2
46;15;588;Tidak Ada;2
47;3;111;Tidak Ada;2
48;3;92;2017;2
49;3;112;Tidak Ada;2
50;3;113;Tidak Ada;2
51;3;114;Tidak Ada;2
52;3;115;Tidak Ada;2
53;3;116;Tidak Ada;2
54;3;117;Tidak Ada;2
55;3;118;Tidak Ada;2
56;109;4445;Selasa (14/11/2017);2
57;109;4446;Tidak Ada;2
58;109;4447;Tidak Ada;2
59;21;777;Tidak Ada;2
60;21;778;Tidak Ada;2
61;21;779;Tidak Ada;2
62;21;780;Tidak Ada;2
63;21;781;Tidak Ada;2
64;21;782;Tidak Ada;2
65;21;783;7 dan 8 November 2017;2
66;21;784;Tidak Ada;2
67;21;785;Tidak Ada;2
68;21;786;Tidak Ada;2
69;21;787;Tidak Ada;2
70;21;788;Tidak Ada;2
71;21;789;Tidak Ada;2
72;21;790;Tidak Ada;2
73;21;791;tahun 1980;2
74;21;792;Tidak Ada;2
75;21;793;Tidak Ada;2
76;21;794;Tidak Ada;2
77;21;795;Tidak Ada;2
78;21;796;Tidak Ada;2
79;21;797;Tidak Ada;2
80;21;798;Tidak Ada;2
81;21;799;Tidak Ada;2
82;21;800;Tidak Ada;2
83;21;801;Tidak Ada;2
84;21;802;Tidak Ada;2
85;23;852;Minggu (12/11/2017);2
86;23;853;Tidak Ada;2
87;23;854;Tidak Ada;2
88;23;855;lima tahun;2
89;23;856;Tidak Ada;2
90;23;857;1965;2
91;23;858;Tidak Ada;2
92;23;859;2004;2
93;23;860;Tidak Ada;2
94;109;4445;Selasa (14/11/2017);2
95;109;4446;Tidak Ada;2
96;109;4447;Tidak Ada;2
97;109;4448;masa Perang Dunia II;2
98;109;4449;Tidak Ada;2
99;109;4450;Tidak Ada;2
100;23;861;Tidak Ada;2
101;23;862;delapan tahun terakhir;2
102;109;4451;Tidak Ada;2
103;109;4452;1942-1945;2
104;109;4453;Tidak Ada;2
105;23;863;75 tahun;2
106;23;863;69 tahun;2
107;23;864;Tidak Ada;2
108;23;865;Tidak Ada;2
109;23;866;Tidak Ada;2
110;23;867;Tidak Ada;2
111;23;868;Tidak Ada;2
112;23;869;Tidak Ada;2
113;35;1566;31/10/2017;2
114;35;1566;Minggu, 12 November 2017;2
115;35;1566;1997;2
116;35;1567;Tidak Ada;2
117;35;1568;Tidak Ada;2
118;35;1569;Tidak Ada;2
119;35;1570;31/10/2017;2
120;197;8572;Tidak Ada;2
121;22;842;Tidak Ada;2
122;22;843;Tidak Ada;2
123;22;844;Tidak Ada;2
124;22;845;Tidak Ada;2
125;22;846;Tidak Ada;2
126;23;870;Tidak Ada;2
127;197;8572;Tidak Ada;2
128;197;8573;Tidak Ada;2
129;197;8574;Tidak Ada;2
130;23;871;Tidak Ada;2
131;23;872;Tidak Ada;2
132;197;8575;Tidak Ada;2
133;197;8578;Nov 13, 2017. Pukul 8:30;2
134;197;8579;Tidak Ada;2
135;197;8580;Tidak Ada;2
136;197;8581;Tidak Ada;2
137;22;847;tahun 2018;2
138;22;847;Rabu (8/11);2
139;23;873;Tidak Ada;2
140;22;848;Tidak Ada;2
141;22;849;Tidak Ada;2
142;100;4134;Tidak Ada;2
143;23;874;Tidak Ada;2
144;22;850;Tidak Ada;2
145;199;8666;Senin (20/11/2017);2
146;199;8667;Senin (20/11/2017);2
147;199;8668;tahun ini;2
148;199;8669;Tidak Ada;2
149;199;8670;Tidak Ada;2
150;199;8671;Tidak Ada;2
151;199;8672;Tidak Ada;2
152;199;8673;Tidak Ada;2
153;199;8674;3 November;2
154;199;8674;Desember;2
155;199;8675;Tidak Ada;2
156;199;8676;Tidak Ada;2
157;199;8677;Tidak Ada;2
158;22;810;Tidak Ada;2
159;199;8678;Tidak Ada;2
160;199;8679;Tidak Ada;2
161;199;8680;November 20, 2017;2
162;199;8681;Tidak Ada;2
163;199;8682;Tidak Ada;2
164;199;8683;Tidak Ada;2
165;199;8684;November 20, 2017;2
166;199;8685;Tidak Ada;2
167;199;8686;periode 2016;2
168;199;8686;periode 2011;2
169;199;8687;pada 2016;2
170;199;8687;periode 2011;2
171;199;8688;2016;2
172;199;8688;2011;2
173;199;8689;Tidak Ada;2
174;199;8690;Tidak Ada;2
175;199;8691;dalam 6 tahun;2
176;199;8692;Tidak Ada;2
177;199;8693;Tidak Ada;2
178;199;8694;Tidak Ada;2
179;199;8695;Tidak Ada;2
180;22;811;Tidak Ada;2
181;199;8696;Tidak Ada;2
182;22;812;Tidak Ada;2
183;22;813;Tidak Ada;2
184;199;8697;20 November 2017;2
185;199;8698;Tidak Ada;2
186;22;814;Tidak Ada;2
187;199;8699;Tidak Ada;2
188;199;8700;setiap hari;2
189;199;8701;Tidak Ada;2
190;199;8702;Tidak Ada;2
191;199;8703;2016;2
192;199;8704;Tidak Ada;2
193;22;815;Tidak Ada;2
194;199;8705;Tidak Ada;2
195;199;8706;masa remaja;2
196;199;8707;Tidak Ada;2
197;199;8708;Tidak Ada;2
198;199;8709;Tidak Ada;2
199;199;8710;Tidak Ada;2
200;199;8711;senin;2
201;199;8712;Tidak Ada;2
202;199;8713;Tidak Ada;2
203;22;816;Tidak Ada;2
204;199;8714;Tidak Ada;2
205;22;817;Tidak Ada;2
206;199;8715;Tidak Ada;2
207;199;8716;Tidak Ada;2
208;199;8717;Tidak Ada;2
209;199;8718;Tidak Ada;2
210;199;8719;Tidak Ada;2
211;199;8720;Tidak Ada;2
212;199;8721;Tidak Ada;2
213;199;8722;Tidak Ada;2
214;199;8723;Tidak Ada;2
215;199;8724;Tidak Ada;2
216;199;8725;Sejauh ini;2
217;199;8726;Tidak Ada;2
218;199;8727;2030;2
219;199;8727;2045;2
220;215;9293;20 tahun;2
221;22;818;Tidak Ada;2
222;22;819;Tidak Ada;2
223;199;8666;Senin (20/11/2017);2
224;199;8666;Senin (20/11/2017);2
225;199;8667;Senin (20/11/2017);2
226;199;8668;tahun ini;2
227;199;8669;Tidak Ada;2
228;215;9263;Minggu (19/11/2017);2
229;199;8670;Tidak Ada;2
230;199;8671;Tidak Ada;2
231;215;9264;Senin;2
232;199;8672;Tidak Ada;2
233;199;8673;Tidak Ada;2
234;199;8674;3 November;2
235;199;8674;Desember;2
236;199;8675;Tidak Ada;2
237;215;9265;Minggu (19/11/2017);2
238;199;8676;Tidak Ada;2
239;215;9266;Kamis (16/11) malam;2
240;215;9267;Tidak Ada;2
241;199;8677;Tidak Ada;2
242;199;8678;Tidak Ada;2
243;215;9268;9 Desember 2017;2
244;215;9269;Tidak Ada;2
245;215;9270;Tidak Ada;2
246;199;8679;Tidak Ada;2
247;215;9271;Tidak Ada;2
248;199;8680;November 20, 2017;2
249;215;9272;Tidak Ada;2
250;215;9273;Jumat (17/11);2
251;199;8681;Tidak Ada;2
252;215;9274;Tidak Ada;2
253;199;8682;18 tahun;2
254;215;9275;Tidak Ada;2
255;21;803;Tidak Ada;2
256;21;804;Tidak Ada;2
257;21;805;Tidak Ada;2
258;21;806;Tidak Ada;2
259;21;807;Tidak Ada;2
260;21;808;Tidak Ada;2
261;21;809;Tidak Ada;2
262;179;7695;Jumat (17/11);2
263;179;7696;Tidak Ada;2
264;179;7697;Jumat (17/11/2017) siang;2
265;179;7698;Tidak Ada;2
266;179;7699;Tidak Ada;2
267;179;7700;Tidak Ada;2
268;179;7701;Tidak Ada;2
269;179;7702;Kamis (17/11/2017) malam;2
270;179;7703;Tidak Ada;2
271;179;7704;Tidak Ada;2
272;179;7705;Minggu (12/11/2017);2
273;179;7706;Tidak Ada;2
274;215;9276;Jumat;2
275;179;7707;Tidak Ada;2
276;179;7708;Tidak Ada;2
277;215;9277;Tidak Ada;2
278;215;9278;Tidak Ada;2
279;215;9280;Tidak Ada;2
280;179;7709;Tidak Ada;2
281;179;7710;Tidak Ada;2
282;179;7711;Tidak Ada;2
283;179;7712;Tidak Ada;2
284;179;7713;Tidak Ada;2
285;179;7714;Tidak Ada;2
286;179;7715;Tidak Ada;2
287;179;7716;Sabtu (21/10/2017);2
288;179;7717;Rabu (15/11/2017);2
289;179;7718;Rabu dini hari;2
290;179;7719;Jumat (17/11/2017);2
291;179;7720;Sabtu (18/11/2017);2
292;3;98;Tidak Ada;2
293;3;99;Tidak Ada;2
294;179;7721;Jumat pagi;2
295;179;7722;Tidak Ada;2
296;179;7723;Tidak Ada;2
297;179;7724;Tidak Ada;2
298;179;7725;Tidak Ada;2
299;179;7726;Tidak Ada;2
300;179;7727;Tidak Ada;2
301;179;7728;Tidak Ada;2
302;179;7729;Tidak Ada;2
303;179;7730;Tidak Ada;2
304;179;7731;Tidak Ada;2
305;179;7732;Tidak Ada;2
306;179;7733;Tidak Ada;2
307;179;7734;Tidak Ada;2
308;179;7735;Tidak Ada;2
309;179;7736;Tidak Ada;2
310;179;7737;Tidak Ada;2
311;179;7738;Tidak Ada;2
312;179;7739;Tidak Ada;2
313;179;7740;Tidak Ada;2
314;197;8582;Tidak Ada;2
315;197;8583;Tidak Ada;2
316;197;8584;Tidak Ada;2
317;197;8585;Tidak Ada;2
318;197;8586;Tidak Ada;2
319;197;8587;Tidak Ada;2
320;197;8588;Tidak Ada;2
321;100;4135;Desember 2016;2
322;197;8589;Tidak Ada;2
323;197;8590;Okt 18, 2017 pada 4:14;2
324;197;8591;Tidak Ada;2
325;197;8592;Tidak Ada;2
326;22;820;Tidak Ada;2
327;197;8593;3 jam;2
328;22;821;Tidak Ada;2
329;197;8594;10 menit dan 30 menit;2
330;197;8595;Tidak Ada;2
331;197;8596;Tidak Ada;2
332;197;8597;Tidak Ada;2
333;197;8598;Tidak Ada;2
334;197;8599;Tidak Ada;2
335;197;8600;Tidak Ada;2
336;197;8601;Tidak Ada;2
337;197;8602;Tidak Ada;2
338;197;8603;Tidak Ada;2
339;197;8604;3 jam;2
340;197;8605;Tidak Ada;2
341;197;8606;1 kilometer;2
342;197;8607;Tidak Ada;2
343;206;8948;Tidak Ada;2
344;206;8949;Tidak Ada;2
345;206;8950;Tidak Ada;2
346;206;8951;Tidak Ada;2
347;206;8952;Tidak Ada;2
348;195;8538;Tidak Ada;2
349;206;8953;Tidak Ada;2
350;22;823;Tidak Ada;2
351;195;8539;Sabtu (18/11/2017);2
352;206;8957;Tidak Ada;2
353;206;8958;Nov 11, 2017 at 9:20pm;2
354;195;8540;Tidak Ada;2
355;206;8959;Tidak Ada;2
356;206;8960;Tidak Ada;2
357;206;8961;Tidak Ada;2
358;195;8541;Tidak Ada;2
359;195;8506;Minggu (12/11);2
360;206;8962;Tidak Ada;2
361;195;8507;Tidak Ada;2
362;206;8963;Tidak Ada;2
363;195;8508;Tidak Ada;2
364;195;8509;Tidak Ada;2
365;195;8510;Tidak Ada;2
366;195;8511;Tidak Ada;2
367;206;8964;Tidak Ada;2
368;206;8965;Tidak Ada;2
369;195;8512;Tidak Ada;2
370;30;1362;Tidak Ada;2
371;195;8513;Tidak Ada;2
372;30;1363;6-12 November 2017;2
373;30;1363;sepekan;2
374;195;8514;Tidak Ada;2
375;195;8515;Jumat (17/11/2017);2
376;206;8966;Tidak Ada;2
377;30;1364;Tidak Ada;2
378;30;1365;pekan;2
379;206;8967;Tidak Ada;2
380;206;8968;Tidak Ada;2
381;195;8516;Tidak Ada;2
382;30;1366;Tidak Ada;2
383;195;8517;Tidak Ada;2
384;195;8518;Tidak Ada;2
385;22;824;Tidak Ada;2
386;195;8519;Tidak Ada;2
387;30;1367;Tidak Ada;2
388;206;8969;Tidak Ada;2
389;195;8520;Tidak Ada;2
390;30;1368;Tidak Ada;2
391;195;8521;Tidak Ada;2
392;206;8970;Tidak Ada;2
393;30;1369;Tidak Ada;2
394;206;8971;Nov 15, 2017 at 4:49am;2
395;195;8522;Tidak Ada;2
396;30;1370;3-5 November 2017;2
397;195;8523;Tidak Ada;2
398;206;8972;Tidak Ada;2
399;206;8973;Tidak Ada;2
400;22;825;Tidak Ada;2
401;195;8524;Tidak Ada;2
402;195;8525;Tidak Ada;2
403;30;1371;Tidak Ada;2
404;195;8526;Tidak Ada;2
405;206;8974;Tidak Ada;2
406;195;8527;Jumat (17/11/2017);2
407;195;8529;Minggu (12/11/2017);2
408;195;8531;Tidak Ada;2
409;195;8532;Tidak Ada;2
410;30;1372;Tidak Ada;2
411;195;8533;Tidak Ada;2
412;206;8975;Tidak Ada;2
413;195;8534;Tidak Ada;2
414;195;8535;Tidak Ada;2
415;30;1373;Tidak Ada;2
416;30;1374;Tidak Ada;2
417;206;8976;Tidak Ada;2
418;195;8536;Tidak Ada;2
419;195;8537;Tidak Ada;2
420;206;8977;Tidak Ada;2
421;30;1375;Tidak Ada;2
422;188;8169;Tidak Ada;2
423;188;8170;Tidak Ada;2
424;30;1376;Tidak Ada;2
425;188;8171;Tidak Ada;2
426;30;1377;Tidak Ada;2
427;206;8978;Tidak Ada;2
428;30;1378;Tidak Ada;2
429;188;8172;Tidak Ada;2
430;30;1379;Tidak Ada;2
431;188;8173;Tidak Ada;2
432;206;8979;Tidak Ada;2
433;188;8149;Tidak Ada;2
434;30;1380;Tidak Ada;2
435;30;1381;Tidak Ada;2
436;206;8980;Tidak Ada;2
437;30;1382;Tidak Ada;2
438;206;8981;Tidak Ada;2
439;30;1383;Tidak Ada;2
440;206;8982;Tidak Ada;2
441;30;1384;Tidak Ada;2
442;100;4136;Selasa (14/11/2017);2
443;206;8983;Tidak Ada;2
444;30;1385;Tidak Ada;2
445;188;8150;Tidak Ada;2
446;30;1386;Tidak Ada;2
447;206;8984;Tidak Ada;2
448;30;1387;2x24 jam;2
449;206;8985;Tidak Ada;2
450;206;8986;Tidak Ada;2
451;188;8151;Tidak Ada;2
452;188;8152;Tidak Ada;2
453;217;9323;Tidak Ada;2
454;30;1388;Tidak Ada;2
455;188;8153;Tidak Ada;2
456;22;826;Tidak Ada;2
457;30;1389;Tidak Ada;2
458;217;9324;Tidak Ada;2
459;188;8154;Tidak Ada;2
460;217;9325;23-25 November 2017;2
461;188;8155;Tidak Ada;2
462;30;1390;Tidak Ada;2
463;30;1391;Agustus;2
464;217;9326;Tidak Ada;2
465;188;8156;Tidak Ada;2
466;217;9327;Tidak Ada;2
467;188;8157;Tidak Ada;2
468;217;9328;Tidak Ada;2
469;30;1392;Tidak Ada;2
470;188;8158;Tidak Ada;2
471;217;9330;Tidak Ada;2
472;188;8159;Tidak Ada;2
473;30;1393;3/11;2
474;188;8160;Tidak Ada;2
475;188;8161;Tidak Ada;2
476;188;8162;Tidak Ada;2
477;188;8163;Tidak Ada;2
478;188;8164;Tidak Ada;2
479;188;8165;Tidak Ada;2
480;188;8166;Tidak Ada;2
481;188;8167;Tidak Ada;2
482;188;8168;Tidak Ada;2
483;30;1394;Tidak Ada;2
484;30;1395;Tidak Ada;2
485;210;9099;Tidak Ada;2
486;210;9108;Tidak Ada;2
487;210;9079;Tidak Ada;2
488;30;1396;Senin (6/11/2017);2
489;210;9080;2017;2
490;30;1397;Oktober 2017;2
491;210;9081;Tidak Ada;2
492;210;9082;Tidak Ada;2
493;210;9083;Tidak Ada;2
494;30;1398;Tidak Ada;2
495;30;1399;Tidak Ada;2
496;210;9084;17-19 November;2
497;210;9085;Tidak Ada;2
498;210;9086;Tidak Ada;2
499;30;1400;Tidak Ada;2
500;30;1401;Tidak Ada;2
501;210;9087;Minggu (19/11/2017;2
502;30;1402;Tidak Ada;2
503;45;2090;Tidak Ada;2
504;45;2091;Tidak Ada;2
505;45;2092;Tidak Ada;2
506;45;2094;Tidak Ada;2
507;45;2095;10/11/2017;2
508;45;2096;Tidak Ada;2
509;45;2097;Tidak Ada;2
510;45;2098;Tidak Ada;2
511;45;2099;Tidak Ada;2
512;215;9281;Tidak Ada;2
513;215;9282;Tidak Ada;2
514;215;9283;Tidak Ada;2
515;215;9284;Tidak Ada;2
516;215;9285;Tidak Ada;2
517;215;9286;Tidak Ada;2
518;215;9287;Tidak Ada;2
519;215;9288;Tidak Ada;2
520;215;9290;Tidak Ada;2
521;215;9291;31 November 2017;2
522;211;9109;Tidak Ada;2
523;211;9110;Tidak Ada;2
524;211;9111;dua minggu lalu;2
525;211;9111;masa depan;2
526;211;9112;Tidak Ada;2
527;211;9113;Kamis (16/11) malam;2
528;211;9114;Tidak Ada;2
529;211;9115;Tidak Ada;2
530;211;9116;Tidak Ada;2
531;211;9117;Tidak Ada;2
532;211;9118;2018;2
533;211;9119;Tidak Ada;2
534;240;10479;Rabu (15/11);2
535;211;9120;Tidak Ada;2
536;211;9121;Tidak Ada;2
537;211;9122;Jumat dua pekan lalu (10/11);2
538;211;9123;seminggu;2
539;211;9124;Tidak Ada;2
540;211;9125;Tidak Ada;2
541;211;9126;Tidak Ada;2
542;211;9127;Tidak Ada;2
543;211;9128;Tidak Ada;2
544;211;9129;Senin ini (20/11);2
545;211;9130;Tidak Ada;2
546;211;9131;Tidak Ada;2
547;211;9132;Senin;2
548;211;9133;Tidak Ada;2
549;211;9134;Tidak Ada;2
550;211;9135;Tidak Ada;2
551;211;9136;Tidak Ada;2
552;211;9137;Tidak Ada;2
553;211;9138;Tidak Ada;2
554;211;9138;Tidak Ada;2
555;211;9139;November 18, 2017;2
556;211;9140;2013;2
557;211;9141;Tidak Ada;2
558;211;9142;Tidak Ada;2
559;211;9143;Tidak Ada;2
560;211;9144;Tidak Ada;2
561;211;9145;Tidak Ada;2
562;211;9146;Tidak Ada;2
563;211;9147;Tidak Ada;2
564;285;12272;Tidak Ada;2
565;285;12273;Tidak Ada;2
566;285;12274;Tidak Ada;2
567;285;12277;Tidak Ada;2
568;285;12278;Tidak Ada;2
569;285;12279;Tidak Ada;2
570;285;12280;Tidak Ada;2
571;23;851;Tidak Ada;2
572;23;852;Minggu (12/11/2017);2
573;23;853;Tidak Ada;2
574;23;854;Tidak Ada;2
575;23;855;Tidak Ada;2
576;285;12255;Tidak Ada;2
577;23;856;Tidak Ada;2
578;199;8683;Tidak Ada;2
579;285;12256;Tidak Ada;2
580;285;12257;Tidak Ada;2
581;23;857;1965;2
582;199;8684;November 20, 2017;2
583;23;858;Tidak Ada;2
584;285;12258;Tidak Ada;2
585;199;8685;Tidak Ada;2
586;23;859;2004;2
587;285;12259;25 Agustus 2017;2
588;23;860;Tidak Ada;2
589;109;4454;1945;2
590;199;8686;periode 2016;2
591;199;8686;periode 2011;2
592;285;12260;Tidak Ada;2
593;23;861;Tidak Ada;2
594;109;4455;Tidak Ada;2
595;23;862;Tidak Ada;2
596;23;863;Tidak Ada;2
597;285;12261;Tidak Ada;2
598;285;12262;Tidak Ada;2
599;285;12263;Tidak Ada;2
600;285;12264;Tidak Ada;2
601;285;12265;Tidak Ada;2
602;285;12266;Tidak Ada;2
603;285;12267;Tidak Ada;2
604;285;12268;Tidak Ada;2
605;285;12268;Tidak Ada;2
606;285;12269;Tidak Ada;2
607;285;12270;Tidak Ada;2
608;285;12270;Tidak Ada;2
609;285;12271;Tidak Ada;2
610;310;13336;Tidak Ada;2
611;310;13299;Tidak Ada;2
612;310;13300;Tidak Ada;2
613;310;13301;Tidak Ada;2
614;310;13302;Tidak Ada;2
615;310;13302;Tidak Ada;2
616;310;13303;Tidak Ada;2
617;310;13304;Tidak Ada;2
618;310;13305;Tidak Ada;2
619;310;13306;Tidak Ada;2
620;310;13307;Tidak Ada;2
621;310;13308;Tidak Ada;2
622;310;13309;Tidak Ada;2
623;310;13310;Tidak Ada;2
624;211;9148;Tidak Ada;2
625;310;13312;Tidak Ada;2
626;211;9149;Tidak Ada;2
627;109;4456;Tidak Ada;2
628;211;9150;Tidak Ada;2
629;310;13313;Tidak Ada;2
630;211;9151;2014;2
631;211;9151;2013;2
632;109;4457;Tidak Ada;2
633;15;579;Tidak Ada;2
634;211;9151;2017;2
635;310;13314;Tidak Ada;2
636;240;10480;Tidak Ada;2
637;310;13315;Tidak Ada;2
638;211;9152;Tidak Ada;2
639;310;13316;Tidak Ada;2
640;240;10481;Juni;2
641;310;13317;Tidak Ada;2
642;199;8666;Tidak Ada;2
643;310;13318;Tidak Ada;2
644;109;4458;Tidak Ada;2
645;211;9153;Tidak Ada;2
646;310;13319;5 Juli 1991;2
647;15;580;Tidak Ada;2
648;211;9154;Tidak Ada;2
649;109;4459;Selasa (14/11/2017);2
650;109;4459;Tidak Ada;2
651;310;13321;Tidak Ada;2
652;310;13321;Tidak Ada;2
653;211;9155;Tidak Ada;2
654;240;10482;2019;2
655;211;9156;2013;2
656;310;13323;Tidak Ada;2
657;199;8667;Senin (20/11/2017);2
658;211;9157;Tidak Ada;2
659;211;9158;Tidak Ada;2
660;15;581;sebulan;2
661;15;581;sebulan;2
662;310;13324;Tidak Ada;2
663;211;9159;Tidak Ada;2
664;109;4460;Tidak Ada;2
665;211;9160;Tidak Ada;2
666;240;10483;2017;2
667;240;10483;2014;2
668;310;13325;Tidak Ada;2
669;211;9161;Tidak Ada;2
670;310;13326;Tidak Ada;2
671;310;13326;Tidak Ada;2
672;211;9162;Tidak Ada;2
673;240;10484;Tidak Ada;2
674;211;9163;Tidak Ada;2
675;211;9164;Tidak Ada;2
676;211;9165;Tidak Ada;2
677;310;13327;Tidak Ada;2
678;240;10485;Selasa (28/11/2017);2
679;211;9166;Tidak Ada;2
680;15;583;Tidak Ada;2
681;211;9167;Tidak Ada;2
682;310;13328;Tidak Ada;2
683;240;10486;Tidak Ada;2
684;310;13329;Tidak Ada;2
685;211;9168;Tidak Ada;2
686;211;9169;Tidak Ada;2
687;240;10487;2016;2
688;15;587;Maret;2
689;15;587;Maret 2016;2
690;15;587;2016;2
691;211;9170;Tidak Ada;2
692;109;4461;16 November;2
693;15;587;Tidak Ada;2
694;310;13330;Tidak Ada;2
695;109;4461;2016;2
696;211;9171;Tidak Ada;2
697;240;10488;Tidak Ada;2
698;310;13331;Tidak Ada;2
699;211;9172;Tidak Ada;2
700;240;10489;Tidak Ada;2
701;310;13332;Tidak Ada;2
702;15;588;Tidak Ada;2
703;211;9173;Tidak Ada;2
704;211;9174;November 16, 2017;2
705;240;10490;Tidak Ada;2
706;310;13333;Tidak Ada;2
707;3;92;2017;2
708;3;92;Tidak Ada;2
709;214;9233;Rabu (25/10/2017);2
710;240;10491;Tidak Ada;2
711;310;13334;Tidak Ada;2
712;3;93;Kamis;2
713;240;10492;2018;2
714;3;93;Kamis (9/11);2
715;240;10492;2019;2
716;310;13335;Tidak Ada;2
717;3;94;2005;2
718;3;94;Tidak Ada;2
719;3;95;2015;2
720;3;95;tahun yang ketiga;2
721;3;95;Tidak Ada;2
722;292;12497;Tidak Ada;2
723;292;12498;Tidak Ada;2
724;3;96;Pada tiga tahun terakhir;2
725;292;12499;Tidak Ada;2
726;292;12500;Tidak Ada;2
727;3;97;Tidak Ada;2
728;214;9234;Tidak Ada;2
729;292;12501;Tidak Ada;2
730;214;9235;Tidak Ada;2
731;3;98;tahun-tahun;2
732;3;98;Tidak Ada;2
733;23;851;(12/11/2017);2
734;214;9236;2016;2
735;292;12502;Tidak Ada;2
736;214;9237;Juli 2016;2
737;214;9237;Maret 2017;2
738;214;9238;Senin, 20/11/21017;2
739;292;12503;Tidak Ada;2
740;214;9239;Tidak Ada;2
741;3;99;tahun ini;2
742;3;99;Tidak Ada;2
743;214;9240;Tidak Ada;2
744;292;12504;Tidak Ada;2
745;214;9241;Tidak Ada;2
746;214;9242;2017;2
747;292;12505;Tidak Ada;2
748;3;100;Kamis;2
749;3;100;Kamis (9/11);2
750;3;100;(9/11);2
751;214;9243;1 Januari 1985;2
752;214;9243;31 Desember 2015;2
753;292;12506;Tidak Ada;2
754;240;10493;Februari;2
755;240;10493;Tidak Ada;2
756;292;12507;Tidak Ada;2
757;292;12508;Tidak Ada;2
758;292;12508;Tidak Ada;2
759;214;9244;Tidak Ada;2
760;3;101;Tidak Ada;2
761;240;10494;Tidak Ada;2
762;214;9245;Tidak Ada;2
763;240;10495;Tidak Ada;2
764;292;12509;Tidak Ada;2
765;214;9246;Tidak Ada;2
766;214;9247;Tidak Ada;2
767;292;12510;Tidak Ada;2
768;214;9248;Tidak Ada;2
769;292;12511;Tidak Ada;2
770;214;9249;Tidak Ada;2
771;214;9250;Tidak Ada;2
772;292;12512;Tidak Ada;2
773;214;9251;Tidak Ada;2
774;292;12513;Tidak Ada;2
775;214;9252;Tidak Ada;2
776;292;12514;Tidak Ada;2
777;214;9253;Tidak Ada;2
778;214;9254;Tidak Ada;2
779;292;12515;Tidak Ada;2
780;214;9255;31 Desember 2017;2
781;292;12516;Tidak Ada;2
782;214;9256;Tidak Ada;2
783;214;9257;2016;2
784;292;12517;Tidak Ada;2
785;214;9258;Tidak Ada;2
786;292;12518;Tidak Ada;2
787;214;9259;Tidak Ada;2
788;214;9260;Oktober 2017;2
789;292;12519;Tidak Ada;2
790;292;12520;Tidak Ada;2
791;292;12521;Tidak Ada;2
792;292;12522;Tidak Ada;2
793;292;12523;Tidak Ada;2
794;292;12524;Tidak Ada;2
795;292;12525;Tidak Ada;2
796;292;12526;Tidak Ada;2
797;292;12527;Tidak Ada;2
798;292;12528;Tidak Ada;2
799;292;12529;Tidak Ada;2
800;292;12530;Tidak Ada;2
801;292;12531;Tidak Ada;2
802;292;12532;Tidak Ada;2
803;292;12533;Tidak Ada;2
804;267;11612;Tidak Ada;2
805;267;11613;Tidak Ada;2
806;267;11614;Tidak Ada;2
807;267;11615;Tidak Ada;2
808;267;11616;Tidak Ada;2
809;27;1265;Tidak Ada;2
810;240;10496;Senin (20/11/2017);2
811;240;10497;2018;2
812;240;10498;2018;1
813;240;10499;Tidak Ada;1
814;240;10500;Tidak Ada;1
815;240;10501;Tidak Ada;1
816;240;10502;Tidak Ada;1
817;240;10503;Tidak Ada;1
818;240;10504;Tidak Ada;1
819;240;10505;Tidak Ada;1
820;240;10506;Tidak Ada;2
821;240;10507;Tidak Ada;2
822;240;10508;Tidak Ada;2
823;240;10509;1928;2
824;242;10538;Tidak Ada;2
825;100;4137;Tidak Ada;2
826;100;4138;Tidak Ada;2
827;100;4139;Tidak Ada;2
828;100;4140;Tidak Ada;2
829;100;4141;Tidak Ada;2
830;100;4142;Tidak Ada;2
831;100;4143;Tidak Ada;2
832;27;1266;Tidak Ada;1
833;100;4144;Tidak Ada;2
834;100;4145;Tidak Ada;1
835;100;4146;Tidak Ada;1
836;100;4147;Tidak Ada;1
837;100;4148;Tidak Ada;1
838;43;2049;Tidak Ada;1
839;214;9261;Tidak Ada;1
840;214;9262;dua bulan sebelumnya;2
841;219;9375;Sabtu (28/10);1
842;219;9376;Tidak Ada;1
843;219;9377;Tidak Ada;1
844;219;9378;Tidak Ada;1
845;219;9379;Tidak Ada;1
846;219;9380;Tidak Ada;1
847;219;9381;Tidak Ada;1
848;219;9382;Tidak Ada;1
849;219;9383;Rabu (29/11/2017);1
850;219;9384;Rabu (15/11/2017);1
851;219;9385;Tidak Ada;1
852;219;9386;2016;1
853;219;9387;Tidak Ada;1
854;219;9388;Tidak Ada;1
855;219;9389;Tidak Ada;1
856;219;9390;Tidak Ada;1
857;219;9391;Tidak Ada;1
858;219;9392;Tidak Ada;1
859;219;9393;2003;1
860;219;9393;2007;1
861;219;9394;Tidak Ada;1
862;219;9395;Tidak Ada;1
863;219;9396;Tidak Ada;1
864;219;9397;Tidak Ada;1
865;219;9398;Tidak Ada;0
866;219;9399;2016;1
867;219;9400;Tidak Ada;1
868;219;9401;Tidak Ada;1
869;219;9402;Tidak Ada;1
870;219;9403;Tidak Ada;1
871;219;9404;Tidak Ada;1
872;219;9405;Tidak Ada;1
873;219;9406;Tidak Ada;1
874;219;9407;Tidak Ada;1
875;219;9408;Tidak Ada;1
876;35;1571;beberapa tahun kedepan;2
877;35;1571;Tidak Ada;2
878;35;1572;Tidak Ada;2
879;35;1573;Tidak Ada;2
880;35;1574;1997;1
881;22;827;Tidak Ada;1
882;22;828;Tidak Ada;1
883;22;829;Tidak Ada;1
884;22;831;Tidak Ada;2
885;22;832;Tidak Ada;2
886;22;833;Tidak Ada;2
887;100;4149;Tidak Ada;2
888;100;4150;Tidak Ada;2
889;100;4151;Tidak Ada;2
890;100;4152;2016;2
891;100;4153;Tidak Ada;2
892;100;4154;Tidak Ada;2
893;100;4155;Tidak Ada;2
894;242;10539;Tidak Ada;2
895;242;10540;Tidak Ada;2
896;100;4156;Rabu (15/11/2017);2
897;242;10541;Tidak Ada;2
898;242;10542;Tidak Ada;2
899;22;834;Tidak Ada;2
900;242;10543;April 2017;2
901;107;4367;Tidak Ada;2
902;242;10544;Tidak Ada;2
903;242;10545;September 2017;2
904;107;4368;malam;2
905;107;4369;Tidak Ada;2
906;107;4370;Tidak Ada;2
907;242;10546;Tidak Ada;2
908;242;10547;Tidak Ada;2
909;242;10548;Tidak Ada;2
910;242;10549;Tidak Ada;2
911;242;10550;Tidak Ada;2
912;242;10551;Tidak Ada;2
913;107;4371;Tidak Ada;2
914;242;10552;Tidak Ada;2
915;242;10553;Tidak Ada;2
916;107;4372;Tidak Ada;2
917;242;10554;Tidak Ada;2
918;242;10555;Tidak Ada;2
919;242;10556;Tidak Ada;2
920;107;4373;Tidak Ada;2
921;22;835;Tidak Ada;2
922;107;4374;Tidak Ada;2
923;107;4375;Tidak Ada;2
924;107;4376;Tidak Ada;2
925;107;4377;Tidak Ada;2
926;242;10557;Tidak Ada;2
927;242;10558;2017;2
928;107;4378;Tidak Ada;2
929;107;4379;Tidak Ada;2
930;107;4380;Tidak Ada;2
931;107;4381;Tidak Ada;2
932;107;4382;Tidak Ada;2
933;107;4383;Tidak Ada;2
934;107;4384;Tidak Ada;2
935;107;4385;Tidak Ada;2
936;107;4386;Tidak Ada;2
937;107;4387;Tidak Ada;2
938;22;836;Tidak Ada;2
939;22;837;Tidak Ada;2
940;107;4388;Tidak Ada;2
941;107;4389;Tidak Ada;2
942;107;4390;Tidak Ada;2
943;107;4391;Tidak Ada;2
944;22;838;Tidak Ada;2
945;22;839;Tidak Ada;2
946;107;4392;Tidak Ada;2
947;107;4393;Tidak Ada;2
948;107;4394;Tidak Ada;2
949;107;4395;Tidak Ada;2
950;107;4396;Tidak Ada;2
951;107;4397;Tidak Ada;2
952;107;4398;Tidak Ada;2
953;107;4399;Tidak Ada;2
954;22;840;Tidak Ada;2
955;107;4400;Tidak Ada;2
956;22;841;Tidak Ada;2
957;107;4401;Tidak Ada;2
958;113;4602;senja;2
959;113;4603;Tidak Ada;2
960;113;4604;Tidak Ada;2
961;31;1443;Tidak Ada;2
962;31;1444;2015;2
963;31;1445;Tidak Ada;2
964;31;1403;Tidak Ada;2
965;31;1404;Tidak Ada;2
966;31;1405;Tidak Ada;2
967;31;1406;Tidak Ada;2
968;31;1407;Tidak Ada;2
969;113;4605;Tidak Ada;2
970;31;1408;Tidak Ada;2
971;31;1409;Tidak Ada;2
972;31;1410;Tidak Ada;2
973;113;4606;Tidak Ada;2
974;31;1411;Tidak Ada;2
975;31;1412;Tidak Ada;2
976;31;1413;Tidak Ada;2
977;31;1414;Tidak Ada;2
978;31;1415;Tidak Ada;2
979;113;4607;Tidak Ada;2
980;113;4608;Tidak Ada;2
981;113;4609;Tidak Ada;2
982;113;4610;Tidak Ada;2
983;113;4611;Tidak Ada;2
984;113;4612;Tidak Ada;2
985;113;4613;Tidak Ada;2
986;113;4614;Tidak Ada;2
987;113;4615;Tidak Ada;2
988;113;4616;Tidak Ada;2
989;199;8668;Tidak Ada;2
990;199;8669;Tidak Ada;2
991;199;8670;Tidak Ada;2
992;199;8671;Tidak Ada;2
993;199;8672;Tidak Ada;2
994;199;8673;Tidak Ada;2
995;199;8674;3 November dan  Desember;2
996;199;8675;Tidak Ada;2
997;199;8676;Tidak Ada;2
998;199;8677;Tidak Ada;2
999;199;8678;Tidak Ada;2
1000;199;8679;Tidak Ada;2
1001;199;8680;November 20, 2017;2
1002;31;1416;Tidak Ada;2
1003;31;1417;Tidak Ada;2
1004;31;1418;Tidak Ada;2
1005;31;1419;Tidak Ada;2
1006;23;864;Tidak Ada;2
1007;23;865;Tidak Ada;2
1008;23;866;Tidak Ada;2
1009;23;867;Tidak Ada;2
1010;23;868;Tidak Ada;2
1011;23;869;Tidak Ada;2
1012;23;870;Tidak Ada;2
1013;23;871;Tidak Ada;2
1014;23;872;Tidak Ada;2
1015;23;873;Tidak Ada;2
1016;23;874;Tidak Ada;2
1017;23;875;Tidak Ada;2
1018;23;876;Tidak Ada;2
1019;23;877;Tidak Ada;2
1020;23;878;Tidak Ada;2
1021;23;879;Tidak Ada;2
1022;23;880;Tidak Ada;2
1023;23;881;Tidak Ada;2
1024;23;882;Tidak Ada;2
1025;23;883;Tidak Ada;2
1026;23;884;Tidak Ada;2
1027;23;885;Tidak Ada;2
1028;23;886;Tidak Ada;2
1029;23;887;Tidak Ada;2
1030;23;888;Tidak Ada;2
1031;23;889;Tidak Ada;2
1032;23;890;Tidak Ada;2
1033;23;891;Tidak Ada;2
1034;23;892;Tidak Ada;2
1035;23;893;Tidak Ada;2
1036;23;894;Tidak Ada;2
1037;23;895;Tidak Ada;2
1038;23;896;Tidak Ada;2
1039;23;897;Tidak Ada;2
1040;23;898;Tidak Ada;2
1041;23;899;Tidak Ada;2
1042;23;900;Tidak Ada;2
1043;23;901;Tidak Ada;2
1044;23;902;Tidak Ada;2
1045;23;903;Tidak Ada;2
1046;23;904;Tidak Ada;2
1047;23;905;Tidak Ada;2
1048;23;906;Tidak Ada;2
1049;23;907;Tidak Ada;2
1050;23;908;Tidak Ada;2
1051;23;909;Tidak Ada;2
1052;23;910;Tidak Ada;2
1053;31;1420;Tidak Ada;2
1054;31;1421;Tidak Ada;2
1055;242;10559;Tidak Ada;2
1056;242;10560;Tidak Ada;2
1057;31;1422;Tidak Ada;2
1058;31;1423;Tidak Ada;2
1059;242;10561;Tidak Ada;2
1060;242;10562;Tidak Ada;2
1061;242;10563;Tidak Ada;2
1062;242;10564;Tidak Ada;2
1063;242;10565;Tidak Ada;2
1064;242;10566;Tidak Ada;2
1065;306;13154;1986;2
1066;242;10567;Tidak Ada;2
1067;242;10568;Tidak Ada;2
1068;242;10569;Tidak Ada;2
1069;242;10570;Tidak Ada;2
1070;31;1424;Tidak Ada;2
1071;31;1425;Tidak Ada;2
1072;31;1426;tahun 2014;2
1073;306;13114;25 April 1986;2
1074;306;13114;6 Agustus 1945;2
1075;306;13114;31 tahun;2
1076;242;10571;Tidak Ada;2
1077;242;10572;Tidak Ada;2
1078;242;10573;Tidak Ada;2
1079;242;10574;Tidak Ada;2
1080;242;10575;Tidak Ada;2
1081;31;1427;Tidak Ada;2
1082;31;1428;Tidak Ada;2
1083;242;10576;Tidak Ada;2
1084;306;13115;1986;2
1085;31;1429;Tidak Ada;2
1086;242;10577;Tidak Ada;2
1087;31;1430;Tidak Ada;2
1088;242;10578;Tidak Ada;2
1089;242;10579;Tidak Ada;2
1090;242;10580;Tidak Ada;2
1091;242;10581;Tidak Ada;2
1092;242;10582;Tidak Ada;2
1093;242;10583;Tidak Ada;2
1094;242;10584;Tidak Ada;2
1095;242;10585;Tidak Ada;2
1096;306;13116;Tidak Ada;2
1097;242;10586;Tidak Ada;2
1098;242;10587;Tidak Ada;2
1099;242;10588;Oct 22, 2017;2
1100;306;13117;Tidak Ada;2
1101;242;10588;8:34am PDT;2
1102;306;13118;Tidak Ada;2
1103;306;13119;Tidak Ada;2
1104;306;13120;6 Agustus 1945;2
1105;31;1431;Tidak Ada;2
1106;31;1432;Tidak Ada;2
1107;31;1433;Tidak Ada;2
1108;31;1434;Tidak Ada;2
1109;31;1435;Tidak Ada;2
1110;31;1436;Tidak Ada;2
1111;31;1437;Tidak Ada;2
1112;31;1438;Tidak Ada;2
1113;31;1439;Tidak Ada;2
1114;31;1440;Tidak Ada;2
1115;31;1441;Tidak Ada;2
1116;31;1442;Tidak Ada;2
1117;24;911;Tidak Ada;2
1118;24;912;Tidak Ada;2
1119;24;913;Tidak Ada;2
1120;24;914;Minggu (12/11).;2
1121;24;915;Tidak Ada;2
1122;24;916;Tidak Ada;2
1123;24;917;Tidak Ada;2
1124;24;918;menit ke-3;2
1125;24;919;Tidak Ada;2
1126;24;920;Tidak Ada;2
1127;24;921;Tidak Ada;2
1128;24;922;Tidak Ada;2
1129;24;923;Tidak Ada;2
1130;24;924;Tidak Ada;2
1131;24;925;(8/11);2
1132;24;926;Tidak Ada;2
1133;24;927;Jumat (10/10);2
1134;199;8687;Tidak Ada;2
1135;335;14390;Tidak Ada;2
1136;199;8688;15-17 tahun;2
1137;199;8689;18 tahun;2
1138;199;8689;20-24 tahun;2
1139;199;8690;Tidak Ada;2
1140;335;14391;Tidak Ada;2
1141;199;8691;15 tahun;2
1142;199;8691;15-17 tahun;2
1143;199;8692;Tidak Ada;2
1144;199;8693;18 tahun;2
1145;199;8693;Tidak Ada;2
1146;199;8694;Tidak Ada;2
1147;335;14392;Tidak Ada;2
1148;199;8695;Tidak Ada;2
1149;199;8696;Tidak Ada;2
1150;335;14393;Tidak Ada;2
1151;335;14394;Tidak Ada;2
1152;199;8697;November 20, 2017;2
1153;199;8698;Tidak Ada;2
1154;335;14395;Tidak Ada;2
1155;199;8699;Tidak Ada;2
1156;335;14396;Tidak Ada;2
1157;199;8700;Tidak Ada;2
1158;335;14398;Tidak Ada;2
1159;199;8701;Tidak Ada;2
1160;199;8702;Tidak Ada;2
1161;199;8703;Tidak Ada;2
1162;199;8704;Tidak Ada;2
1163;199;8705;Tidak Ada;2
1164;199;8706;Tidak Ada;2
1165;199;8707;Tidak Ada;2
1166;199;8708;Tidak Ada;2
1167;199;8709;Tidak Ada;2
1168;335;14399;Tidak Ada;2
1169;335;14400;Tidak Ada;2
1170;199;8710;Tidak Ada;2
1171;335;14358;Kamis;2
1172;199;8711;Tidak Ada;2
1173;335;14359;Tidak Ada;2
1174;199;8712;Tidak Ada;2
1175;335;14360;Tidak Ada;2
1176;199;8713;Tidak Ada;2
1177;335;14361;Tidak Ada;2
1178;207;9007;Tidak Ada;2
1179;207;9008;Selasa (14/11/2017);2
1180;207;9009;Tidak Ada;2
1181;207;9010;Tidak Ada;2
1182;207;9011;Tidak Ada;2
1183;207;9012;Tidak Ada;2
1184;335;14362;Kamis;2
1185;335;14363;Tidak Ada;2
1186;199;8714;Tidak Ada;2
1187;43;2050;Tidak Ada;2
1188;199;8715;Tidak Ada;2
1189;335;14364;Tidak Ada;2
1190;199;8716;Tidak Ada;2
1191;199;8717;Tidak Ada;2
1192;199;8718;Tidak Ada;2
1193;199;8719;Tidak Ada;2
1194;199;8720;Tidak Ada;2
1195;335;14365;Tidak Ada;2
1196;199;8721;Tidak Ada;2
1197;335;14366;Tidak Ada;2
1198;199;8722;Tidak Ada;2
1199;199;8723;Tidak Ada;2
1200;335;14367;Tidak Ada;2
1201;199;8724;Tidak Ada;2
1202;199;8725;Tidak Ada;2
1203;199;8726;Tidak Ada;2
1204;199;8727;Tidak Ada;2
1205;335;14368;Tidak Ada;2
1206;335;14369;Tidak Ada;2
1207;335;14370;Tidak Ada;2
1208;215;9293;Tidak Ada;2
1209;335;14371;Tidak Ada;2
1210;215;9263;Minggu (19/11/2017);2
1211;335;14372;Tidak Ada;2
1212;215;9264;Senin;2
1213;335;14373;Tidak Ada;2
1214;215;9265;Minggu (19/11/2017);2
1215;35;1575;Tidak Ada;2
1216;306;13121;Tidak Ada;2
1217;306;13122;31 tahun;2
1218;27;1267;Tidak Ada;2
1219;27;1268;Tidak Ada;2
1220;27;1269;Tidak Ada;2
1221;335;14374;Tidak Ada;2
1222;335;14375;Tidak Ada;2
1223;335;14376;Tidak Ada;2
1224;335;14377;Tidak Ada;2
1225;335;14378;Tidak Ada;2
1226;335;14379;Tidak Ada;2
1227;335;14380;Tidak Ada;2
1228;335;14381;Tidak Ada;2
1229;335;14384;Tidak Ada;2
1230;335;14385;Tidak Ada;2
1231;335;14386;Tidak Ada;2
1232;335;14387;Tidak Ada;2
1233;335;14388;Tidak Ada;2
1234;335;14389;Tidak Ada;2
1235;335;14401;Tidak Ada;2
1236;370;15882;Tidak Ada;2
1237;335;14402;Tidak Ada;2
1238;335;14403;Tidak Ada;2
1239;359;15391;Tidak Ada;2
1240;359;15392;Tidak Ada;2
1241;359;15393;Tidak Ada;2
1242;359;15394;Tidak Ada;2
1243;359;15395;Tidak Ada;2
1244;359;15396;April 2017;2
1245;199;8681;Tidak Ada;2
1246;199;8682;Tidak Ada;2
1247;199;8683;Tidak Ada;2
1248;199;8684;November 20, 2017;2
1249;199;8685;Tidak Ada;2
1250;370;15884;Tidak Ada;2
1251;370;15885;Tidak Ada;2
1252;199;8686;2016, 2011;2
1253;370;15886;Tidak Ada;2
1254;199;8687;2016, 2011;2
1255;370;15887;Tidak Ada;2
1256;199;8688;2011  2016;2
1257;370;15888;Tidak Ada;2
1258;199;8689;Tidak Ada;2
1259;199;8690;Tidak Ada;2
1260;43;2051;Tidak Ada;2
1261;359;15376;Tidak Ada;2
1262;43;2052;Tidak Ada;2
1263;43;2053;Tidak Ada;2
1264;359;15377;Tidak Ada;2
1265;43;2054;Tidak Ada;2
1266;43;2055;Tidak Ada;2
1267;43;2056;Tidak Ada;2
1268;199;8691;enam tahun;2
1269;43;2039;Tidak Ada;2
1270;199;8692;Tidak Ada;2
1271;199;8693;Tidak Ada;2
1272;199;8694;Tidak Ada;2
1273;43;2040;Tidak Ada;2
1274;43;2041;Tahun 1834;2
1275;43;2042;Tidak Ada;2
1276;27;1270;Tidak Ada;2
1277;43;2043;Tidak Ada;2
1278;43;2044;Tidak Ada;2
1279;27;1271;Tidak Ada;2
1280;43;2045;Tidak Ada;2
1281;27;1272;Tidak Ada;2
1282;43;2046;Tidak Ada;2
1283;27;1235;Tidak Ada;2
1284;27;1236;Tidak Ada;2
1285;43;2047;Tidak Ada;2
1286;27;1237;Tidak Ada;2
1287;43;2048;Tidak Ada;2
1288;75;3249;Tidak Ada;2
1289;27;1238;Tidak Ada;2
1290;359;15378;Tidak Ada;2
1291;75;3250;Tidak Ada;2
1292;27;1239;Tidak Ada;2
1293;27;1240;Tidak Ada;2
1294;359;15379;Tidak Ada;2
1295;27;1241;Tidak Ada;2
1296;359;15381;Tidak Ada;2
1297;27;1242;Tidak Ada;2
1298;75;3251;Tidak Ada;2
1299;359;15383;Tidak Ada;2
1300;27;1243;Tidak Ada;2
1301;359;15387;Maret;2
1302;359;15387;2016;2
1303;75;3252;Tidak Ada;2
1304;359;15388;Tidak Ada;2
1305;75;3219;Jumat (3/11);2
1306;27;1244;Tidak Ada;2
1307;359;15389;Tidak Ada;2
1308;27;1245;Tidak Ada;2
1309;75;3220;Tidak Ada;2
1310;27;1246;Tidak Ada;2
1311;75;3221;Tidak Ada;2
1312;75;3222;Tidak Ada;2
1313;27;1247;Tidak Ada;2
1314;75;3223;Tidak Ada;2
1315;27;1248;Tidak Ada;2
1316;75;3224;Tidak Ada;2
1317;359;15390;Tidak Ada;2
1318;75;3225;Tidak Ada;2
1319;351;15115;Tidak Ada;2
1320;27;1249;Tidak Ada;2
1321;351;15116;Tidak Ada;2
1322;75;3226;Tidak Ada;2
1323;351;15117;Tidak Ada;2
1324;27;1250;Tidak Ada;2
1325;75;3227;Tidak Ada;2
1326;75;3228;Tidak Ada;2
1327;351;15118;Tidak Ada;2
1328;75;3229;Tidak Ada;2
1329;351;15119;Tidak Ada;2
1330;351;15120;Tidak Ada;2
1331;351;15121;Tidak Ada;2
1332;75;3230;Tidak Ada;2
1333;351;15122;Tidak Ada;2
1334;75;3231;Jul 26, 2015 at 1:12am;2
1335;351;15123;Tidak Ada;2
1336;75;3232;Tahun 2012;2
1337;75;3233;Tidak Ada;2
1338;351;15124;Tidak Ada;2
1339;351;15085;Tidak Ada;2
1340;351;15086;Tidak Ada;2
1341;351;15087;Tidak Ada;2
1342;48;2191;Tidak Ada;2
1343;5951;249804;Rabu (22/8);2
1344;5951;249805;Tidak Ada;2
1345;199;8695;Tidak Ada;2
1346;199;8696;Tidak Ada;2
1347;5951;249806;Tidak Ada;2
1348;5951;249807;Tidak Ada;2
1349;5951;249808;Tidak Ada;2
1350;5951;249809;Rabu (22/8/2018);2
1351;5951;249810;Tidak Ada;2
1352;48;2192;Tidak Ada;2
1353;5951;249811;Tidak Ada;2
1354;48;2193;Tidak Ada;2
1355;5951;249812;Tidak Ada;2
1356;5951;249813;Tidak Ada;2
1357;5951;249814;Tidak Ada;2
1358;5951;249815;Tidak Ada;2
1359;48;2194;2017;2
1360;48;2194;2017;2
1361;5951;249816;Tidak Ada;2
1362;5951;249817;Tidak Ada;2
1363;5951;249818;Tidak Ada;2
1364;5951;249819;Tidak Ada;2
1365;5951;249820;Tidak Ada;2
1366;370;15883;Tidak Ada;2
1367;5951;249821;Tidak Ada;2
1368;5951;249822;Tidak Ada;2
1369;370;15889;Tidak Ada;2
1370;370;15890;Tidak Ada;2
1371;370;15842;Tidak Ada;2
1372;48;2195;Februari 2017;2
1373;48;2196;Tidak Ada;2
1374;5951;249823;Tidak Ada;2
1375;5951;249824;Tidak Ada;2
1376;5951;249825;Tidak Ada;2
1377;5951;249826;Tidak Ada;2
1378;5951;249827;Tidak Ada;2
1379;5951;249828;Tidak Ada;2
1380;5951;249829;Tidak Ada;2
1381;5951;249830;Tidak Ada;2
1382;5951;249831;Tidak Ada;2
1383;5951;249832;Tidak Ada;2
1384;370;15843;Tidak Ada;2
1385;370;15844;16 November;2
1386;5951;249833;Tidak Ada;2
1387;5951;249834;Tidak Ada;2
1388;370;15845;Tidak Ada;2
1389;5951;249835;Tidak Ada;2
1390;5951;249836;Tidak Ada;2
1391;5951;249837;Tidak Ada;2
1392;370;15846;Tidak Ada;2
1393;5951;249838;Tidak Ada;2
1394;370;15847;Tidak Ada;2
1395;5951;249839;Tidak Ada;2
1396;5951;249840;Tidak Ada;2
1397;5951;249841;Tidak Ada;2
1398;5951;249842;Tidak Ada;2
1399;370;15848;Tidak Ada;2
1400;370;15848;Tidak Ada;2
1401;5951;249843;Tidak Ada;2
1402;370;15849;Tidak Ada;2
1403;5951;249844;Tidak Ada;2
1404;370;15850;Tidak Ada;2
1405;370;15851;Tidak Ada;2
1406;370;15852;Tidak Ada;2
1407;370;15853;Jumat (24/11/2017);2
1408;370;15854;Tidak Ada;2
1409;370;15855;Tidak Ada;2
1410;370;15856;Tidak Ada;2
1411;5951;249845;Tidak Ada;2
1412;370;15857;Tidak Ada;2
1413;5951;249846;Tidak Ada;2
1414;370;15858;Tidak Ada;2
1415;5951;249847;Tidak Ada;2
1416;370;15859;Tidak Ada;2
1417;370;15860;Tidak Ada;2
1418;5951;249848;Tidak Ada;2
1419;370;15861;Tidak Ada;2
1420;5951;249849;Tidak Ada;2
1421;5951;249850;Tidak Ada;2
1422;370;15862;(23/11);2
1423;370;15863;Tidak Ada;2
1424;370;15864;Tidak Ada;2
1425;370;15865;Tidak Ada;2
1426;370;15866;Tidak Ada;2
1427;370;15867;Tidak Ada;2
1428;370;15868;Tidak Ada;2
1429;370;15869;Tidak Ada;2
1430;370;15870;Tidak Ada;2
1431;370;15871;Tidak Ada;2
1432;370;15872;Tidak Ada;2
1433;199;8697;November 20, 2017;2
1434;370;15873;Tidak Ada;2
1435;370;15874;Tidak Ada;2
1436;199;8698;Tidak Ada;2
1437;370;15875;Tidak Ada;2
1438;370;15876;Tidak Ada;2
1439;370;15877;November 21, 2017;2
1440;370;15878;(22/11);2
1441;199;8699;Tidak Ada;2
1442;199;8700;Tidak Ada;2
1443;370;15879;2014;2
1444;370;15879;2015;2
1445;199;8701;Tidak Ada;2
1446;370;15880;Tidak Ada;2
1447;199;8702;Tidak Ada;2
1448;370;15881;(22/11);2
1449;372;16052;Tidak Ada;2
1450;372;16053;2017;2
1451;372;16054;Tidak Ada;2
1452;372;16055;Tidak Ada;2
1453;372;16056;Tidak Ada;2
1454;372;16057;Tidak Ada;2
1455;372;16058;Tidak Ada;2
1456;372;16001;2017;2
1457;372;16002;Tidak Ada;2
1458;372;16002;Tidak Ada;2
1459;372;16003;Tidak Ada;2
1460;372;16004;Tidak Ada;2
1461;372;16005;Tidak Ada;2
1462;372;16006;Tidak Ada;2
1463;372;16007;Tidak Ada;2
1464;372;16008;1979;2
1465;372;16009;Tidak Ada;2
1466;372;16010;22 Oktober 1979;2
1467;372;16011;Tidak Ada;2
1468;372;16012;Tidak Ada;2
1469;372;16013;Tidak Ada;2
1470;372;16014;Tidak Ada;2
1471;372;16015;Tidak Ada;2
1472;372;16016;Tidak Ada;2
1473;199;8703;2016;2
1474;199;8704;Tidak Ada;2
1475;199;8705;Tidak Ada;2
1476;199;8706;Tidak Ada;2
1477;199;8707;Tidak Ada;2
1478;199;8708;Tidak Ada;2
1479;199;8709;Tidak Ada;2
1480;5965;250375;Tidak Ada;2
1481;5965;250376;Tidak Ada;2
1482;5965;250377;Tidak Ada;2
1483;5965;250378;Tidak Ada;2
1484;5965;250379;Tidak Ada;2
1485;5965;250380;Tidak Ada;2
1486;5965;250381;Tidak Ada;2
1487;5965;250382;Tidak Ada;2
1488;5965;250383;Tidak Ada;2
1489;5965;250384;Tidak Ada;2
1490;5965;250385;Tidak Ada;2
1491;5965;250386;Tidak Ada;2
1492;5965;250387;Tidak Ada;2
1493;5965;250388;Tidak Ada;2
1494;5965;250389;Tidak Ada;2
1495;5965;250390;Tidak Ada;2
1496;5965;250391;Tidak Ada;2
1497;5965;250392;Tidak Ada;2
1498;5965;250393;Tidak Ada;2
1499;5965;250394;Tidak Ada;2
1500;5965;250395;Tidak Ada;2
1501;5965;250396;Tidak Ada;2
1502;5965;250397;Tidak Ada;2
1503;5965;250398;Tidak Ada;2
1504;5965;250399;Tidak Ada;2
1505;5965;250400;Tidak Ada;2
1506;5965;250401;Tidak Ada;2
1507;5965;250402;Tidak Ada;2
1508;5965;250403;Tidak Ada;2
1509;5965;250404;Tidak Ada;2
1510;5965;250405;Tidak Ada;2
1511;5965;250406;Tidak Ada;2
1512;5965;250407;Tidak Ada;2
1513;5965;250408;Tidak Ada;2
1514;5965;250409;Tidak Ada;2
1515;5965;250410;Tidak Ada;2
1516;5960;250192;Tidak Ada;2
1517;5960;250193;Tidak Ada;2
1518;5960;250194;Tidak Ada;2
1519;5960;250195;Tidak Ada;2
1520;5960;250196;Tidak Ada;2
1521;5960;250197;Tidak Ada;2
1522;5960;250198;Tidak Ada;2
1523;5960;250199;Tidak Ada;2
1524;5960;250200;Tidak Ada;2
1525;5960;250201;Tidak Ada;2
1526;5960;250202;Tidak Ada;2
1527;5960;250203;Tidak Ada;2
1528;5960;250204;Tidak Ada;2
1529;5960;250205;Tidak Ada;2
1530;5960;250206;Tidak Ada;2
1531;262;11385;Tidak Ada;2
1532;262;11386;Tidak Ada;2
1533;262;11387;Tidak Ada;1
1534;262;11388;Tidak Ada;1
1535;222;9449;Tidak Ada;1
1536;262;11389;Tidak Ada;1
1537;262;11390;Tidak Ada;1
1538;262;11391;Tidak Ada;1
1539;262;11392;Tidak Ada;1
1540;351;15088;Tidak Ada;1
1541;351;15089;1991;1
1542;207;9014;Tidak Ada;2
1543;207;9015;Tidak Ada;2
1544;207;9016;Tidak Ada;1
1545;207;8987;Selasa (14/11);1
1546;207;8987;Tidak Ada;0
1547;207;8988;Tidak Ada;1
1548;207;8989;Tidak Ada;1
1549;207;8990;Tidak Ada;1
1550;207;8991;Minggu (26/11/2017);1
1551;207;8992;Minggu (19/11/2017);1
1552;207;8993;Tidak Ada;1
1553;207;8994;Tidak Ada;0
1554;207;8995;Tahun 1995;1
1555;207;8995;Tahun 1994;1
1556;207;8995;Tahun 2014;1
1557;207;8996;Tidak Ada;1
1558;207;8997;Tidak Ada;1
1559;207;8998;Tidak Ada;2
1560;207;8999;Tidak Ada;1
1561;207;9000;Senin (20/11/2017);1
1562;207;9001;Tidak Ada;1
1563;207;9002;Tidak Ada;1
1564;207;9003;Tidak Ada;1
1565;207;9004;Tidak Ada;2
1566;35;1576;Tidak Ada;1
1567;35;1577;2020;2
1568;267;11617;Tidak Ada;1
1569;207;9005;Tidak Ada;2
1570;207;9006;Tidak Ada;1
1571;35;1578;Tidak Ada;1
1572;200;8748;Tidak Ada;2
1573;267;11617;Tidak Ada;2
1574;35;1579;Tidak Ada;2
1575;200;8749;19/11/2017;2
1576;267;11618;Tidak Ada;2
1577;267;11618;Tidak Ada;2
1578;200;8750;Tidak Ada;2
1579;35;1580;Tidak Ada;2
1580;200;8751;Tidak Ada;2
1581;267;11619;bulan lalu;2
1582;35;1581;Tidak Ada;2
1583;267;11619;Tidak Ada;2
1584;35;1582;Tidak Ada;2
1585;267;11620;Tidak Ada;2
1586;200;8752;20/11/2017;2
1587;35;1583;Tidak Ada;2
1588;35;1584;Tidak Ada;2
1589;200;8753;Tidak Ada;2
1590;267;11620;Tidak Ada;2
1591;35;1585;Tidak Ada;2
1592;200;8754;Tidak Ada;2
1593;35;1586;Tidak Ada;2
1594;71;3134;Tidak Ada;2
1595;200;8755;November 18, 2017;2
1596;267;11621;Tidak Ada;2
1597;35;1587;Tidak Ada;2
1598;267;11621;Tidak Ada;2
1599;267;11621;Tidak Ada;2
1600;35;1588;Tidak Ada;2
1601;200;8728;Tidak Ada;2
1602;200;8729;Tidak Ada;2
1603;267;11592;Tidak Ada;2
1604;98;4070;masa mendatang;2
1605;35;1589;Tidak Ada;2
1606;98;4070;masa mendatang;2
1607;267;11592;Tidak Ada;2
1608;200;8730;Tidak Ada;2
1609;35;1590;Tidak Ada;2
1610;200;8731;Tidak Ada;2
1611;35;1591;Tidak Ada;2
1612;200;8732;Tidak Ada;2
1613;267;11593;Selasa (21/11/2017);2
1614;200;8733;Tidak Ada;2
1615;192;8370;Tidak Ada;2
1616;267;11593;Selasa (21/11/2017);2
1617;200;8734;Tidak Ada;2
1618;192;8371;Tidak Ada;2
1619;192;8372;Tidak Ada;2
1620;267;11595;Tidak Ada;2
1621;200;8735;Tidak Ada;2
1622;267;11595;Tidak Ada;2
1623;192;8373;Tidak Ada;2
1624;200;8736;13/11/2017;2
1625;267;11596;Tidak Ada;2
1626;267;11596;Tidak Ada;2
1627;200;8737;Tidak Ada;2
1628;192;8374;Tidak Ada;2
1629;98;4071;Tidak Ada;2
1630;192;8375;Tidak Ada;2
1631;267;11597;Senin (20/11/2017);2
1632;200;8738;Tidak Ada;2
1633;192;8376;Tidak Ada;2
1634;98;4072;Tidak Ada;2
1635;267;11597;Senin (20/11/2017);2
1636;200;8739;Tidak Ada;2
1637;267;11600;Tidak Ada;2
1638;98;4073;Tidak Ada;2
1639;200;8740;Tidak Ada;2
1640;267;11601;Tidak Ada;2
1641;267;11600;Tidak Ada;2
1642;192;8377;Tidak Ada;2
1643;98;4025;Tidak Ada;2
1644;200;8741;Tidak Ada;2
1645;200;8742;Tidak Ada;2
1646;192;8378;Tidak Ada;2
1647;267;11603;Tidak Ada;2
1648;267;11603;Tahun 1980;2
1649;267;11603;Tidak Ada;2
1650;192;8379;Tidak Ada;2
1651;200;8743;Tidak Ada;2
1652;98;4027;Tidak Ada;2
1653;267;11604;Tidak Ada;2
1654;192;8380;Tidak Ada;2
1655;192;8380;Tidak Ada;2
1656;267;11605;Tahun 1990an;2
1657;192;8381;Tidak Ada;2
1658;98;4028;Tidak Ada;2
1659;267;11606;Tidak Ada;2
1660;267;11606;Tidak Ada;2
1661;98;4029;Tidak Ada;2
1662;192;8382;(13/11/2017);2
1663;98;4030;malam;2
1664;267;11608;Tidak Ada;2
1665;267;11610;Tidak Ada;2
1666;192;8383;Tidak Ada;2
1667;267;11622;Tidak Ada;2
1668;98;4031;Tidak Ada;2
1669;192;8384;Tidak Ada;2
1670;98;4032;Tidak Ada;2
1671;267;11623;Tidak Ada;2
1672;192;8385;Tidak Ada;2
1673;98;4033;Tidak Ada;2
1674;267;11624;Tahun 1980;2
1675;98;4035;Tidak Ada;2
1676;267;11625;Tidak Ada;2
1677;98;4036;Tidak Ada;2
1678;98;4037;Tidak Ada;2
1679;267;11626;Tahun 2001;2
1680;192;8386;Tidak Ada;2
1681;98;4040;Tidak Ada;2
1682;267;11627;Tidak Ada;2
1683;192;8387;Tidak Ada;2
1684;267;11628;Tahun 2000;2
1685;192;8388;Tidak Ada;2
1686;267;11629;Tidak Ada;2
1687;267;11604;Tidak Ada;2
1688;267;11627;Tidak Ada;2
1689;267;11630;Tidak Ada;2
1690;192;8389;Tidak Ada;2
1691;98;4041;Tidak Ada;2
1692;267;11632;Tidak Ada;2
1693;192;8390;Tidak Ada;2
1694;98;4042;Tidak Ada;2
1695;192;8391;Tidak Ada;2
1696;98;4043;Agustus;2
1697;192;8392;Tidak Ada;2
1698;203;8869;28 April 2017;2
1699;98;4044;Tidak Ada;2
1700;98;4045;Tidak Ada;2
1701;98;4046;Tidak Ada;2
1702;203;8870;Tidak Ada;2
1703;192;8393;Tidak Ada;2
1704;98;4047;Tidak Ada;2
1705;98;4048;Tidak Ada;2
1706;192;8394;Tidak Ada;2
1707;98;4049;Tidak Ada;2
1708;203;8871;Tidak Ada;2
1709;98;4050;Tidak Ada;2
1710;203;8872;Jumat (17/11/2017);2
1711;98;4051;Tidak Ada;2
1712;98;4052;Tidak Ada;2
1713;98;4053;Tidak Ada;2
1714;98;4054;Tidak Ada;2
1715;98;4055;Tidak Ada;2
1716;192;8395;Tidak Ada;2
1717;203;8873;Tidak Ada;2
1718;203;8874;Tidak Ada;2
1719;284;12246;Tidak Ada;2
1720;284;12247;Tidak Ada;2
1721;284;12248;Tidak Ada;2
1722;284;12249;Tidak Ada;2
1723;284;12250;Tidak Ada;2
1724;284;12251;Tidak Ada;2
1725;289;12407;Tidak Ada;2
1726;289;12408;Tidak Ada;2
1727;289;12408;Tidak Ada;2
1728;289;12409;Tidak Ada;2
1729;289;12410;2010-2016;2
1730;289;12411;Tidak Ada;2
1731;289;12412;Tidak Ada;2
1732;289;12413;Tidak Ada;2
1733;76;3255;Tidak Ada;2
1734;200;8744;Tidak Ada;2
1735;200;8745;Tidak Ada;2
1736;200;8746;18/11/2017;2
1737;200;8747;Tidak Ada;2
1738;204;8942;Tidak Ada;2
1739;204;8943;Tidak Ada;2
1740;204;8902;28 November 2017;2
1741;204;8903;Tidak Ada;2
1742;204;8904;Tidak Ada;2
1743;204;8905;Tidak Ada;2
1744;204;8906;Tidak Ada;2
1745;204;8907;Tidak Ada;2
1746;98;4056;Tidak Ada;2
1747;98;4056;Tidak Ada;2
1748;98;4057;Tidak Ada;2
1749;98;4058;Tidak Ada;2
1750;98;4059;Tidak Ada;2
1751;98;4060;Tidak Ada;2
1752;98;4061;Tidak Ada;2
1753;98;4062;Tidak Ada;2
1754;98;4064;Tidak Ada;2
1755;98;4065;Tidak Ada;2
1756;98;4066;Tidak Ada;2
1757;98;4067;Tidak Ada;2
1758;98;4068;Tidak Ada;2
1759;98;4069;Tidak Ada;2
1760;139;5944;Tidak Ada;2
1761;147;6365;Tidak Ada;2
1762;147;6366;Tidak Ada;2
1763;147;6367;Jumat (17/11/2017);2
1764;147;6371;Tidak Ada;2
1765;147;6372;Tidak Ada;2
1766;147;6320;Kamis (16/11/2017);2
1767;147;6321;awal pekan;2
1768;147;6322;Kamis (16/11/2017);2
1769;147;6322;malam;2
1770;147;6322;WIB;2
1771;147;6323;Tidak Ada;2
1772;147;6324;Tidak Ada;2
1773;147;6326;Tidak Ada;2
1774;244;10622;Tidak Ada;2
1775;289;12414;Tidak Ada;2
1776;289;12415;Tidak Ada;2
1777;289;12416;Tidak Ada;2
1778;289;12417;Tidak Ada;2
1779;289;12418;17 November 2017;2
1780;289;12419;Tidak Ada;2
1781;289;12420;2014-2016;2
1782;289;12421;Tidak Ada;2
1783;289;12422;Tidak Ada;2
1784;289;12423;Tidak Ada;2
1785;289;12424;Tidak Ada;2
1786;289;12425;Tidak Ada;2
1787;289;12426;Tidak Ada;2
1788;289;12427;Tidak Ada;2
1789;244;10623;Tidak Ada;2
1790;244;10624;Tidak Ada;2
1791;289;12428;Tidak Ada;2
1792;289;12429;20 Agustus 2017;2
1793;244;10625;Tidak Ada;2
1794;289;12430;2017;2
1795;289;12431;Tidak Ada;2
1796;289;12432;3 Oktober 2017;2
1797;293;12534;2017;2
1798;293;12534;Rabu;2
1799;293;12535;Tidak Ada;2
1800;293;12536;Tidak Ada;2
1801;293;12537;Tidak Ada;2
1802;293;12538;Juni-Agustus 2017;2
1803;293;12539;Tidak Ada;2
1804;293;12540;Tidak Ada;2
1805;293;12541;Tidak Ada;2
1806;293;12542;Tidak Ada;2
1807;293;12543;Tidak Ada;2
1808;293;12544;Tidak Ada;2
1809;293;12545;Tidak Ada;2
1810;293;12546;Tidak Ada;2
1811;293;12547;Tidak Ada;2
1812;293;12547;Tidak Ada;2
1813;293;12548;Tidak Ada;2
1814;244;10626;Desember 2016;2
1815;244;10627;Tidak Ada;2
1816;244;10628;Senin(20/11/2017);2
1817;244;10629;Tidak Ada;2
1818;244;10630;Tidak Ada;2
1819;244;10631;Tidak Ada;2
1820;244;10632;Tidak Ada;2
1821;244;10633;Tidak Ada;2
1822;244;10634;Tidak Ada;2
1823;244;10635;Tidak Ada;2
1824;244;10636;Tidak Ada;2
1825;244;10637;Tidak Ada;2
1826;244;10638;Tidak Ada;2
1827;244;10639;Tidak Ada;2
1828;204;8908;Tidak Ada;2
1829;204;8909;Tidak Ada;2
1830;204;8910;Februari 2017;2
1831;204;8911;Tidak Ada;2
1832;204;8912;Tidak Ada;2
1833;204;8913;Tidak Ada;2
1834;204;8914;Tidak Ada;2
1835;204;8915;Tidak Ada;2
1836;204;8916;Tidak Ada;2
1837;204;8917;Tidak Ada;2
1838;204;8918;November 16, 2017;2
1839;75;3234;Tidak Ada;2
1840;75;3235;Tidak Ada;2
1841;75;3236;Tidak Ada;2
1842;75;3237;Tidak Ada;2
1843;75;3238;Tidak Ada;2
1844;75;3239;Tidak Ada;2
1845;75;3240;Tidak Ada;2
1846;75;3241;Tidak Ada;2
1847;75;3242;Tidak Ada;2
1848;75;3243;Tidak Ada;2
1849;75;3244;Tidak Ada;2
1850;75;3245;Sabtu (11/11/2017).;2
1851;192;8396;Tidak Ada;2
1852;147;6327;Tidak Ada;2
1853;147;6328;19.00 WIB;2
1854;147;6329;17.3;2
1855;147;6331;Tidak Ada;2
1856;147;6332;Tidak Ada;2
1857;147;6333;tahun 2012;2
1858;147;6334;Jumat (17/11);2
1859;147;6335;Tidak Ada;2
1860;147;6336;Tidak Ada;2
1861;147;6337;Tidak Ada;2
1862;147;6338;Tidak Ada;2
1863;147;6339;Tidak Ada;2
1864;147;6340;Tidak Ada;2
1865;147;6341;Tidak Ada;2
1866;147;6342;Tidak Ada;2
1867;147;6343;Tidak Ada;2
1868;147;6344;Kamis (16/11/2017);2
1869;147;6345;Tidak Ada;2
1870;147;6346;Tidak Ada;2
1871;113;4617;Tidak Ada;2
1872;113;4618;Tidak Ada;2
1873;76;3256;Tidak Ada;2
1874;76;3257;Tidak Ada;2
1875;76;3258;Tidak Ada;2
1876;76;3259;Tidak Ada;2
1877;76;3260;Tidak Ada;2
1878;76;3261;Tidak Ada;2
1879;76;3262;Tidak Ada;2
1880;76;3263;Tidak Ada;2
1881;76;3264;Tidak Ada;2
1882;76;3265;Tidak Ada;2
1883;76;3266;Tidak Ada;2
1884;76;3267;9:02am;2
1885;76;3267;Nov 13, 2017;2
1886;76;3268;Tidak Ada;2
1887;76;3269;Tidak Ada;2
1888;76;3270;Tidak Ada;2
1889;76;3271;Tidak Ada;2
1890;76;3272;Senin (13/11/2017);2
1891;76;3273;Maret 2018;2
1892;76;3274;Tidak Ada;2
1893;76;3275;Tidak Ada;2
1894;76;3276;Tidak Ada;2
1895;76;3277;Tidak Ada;2
1896;76;3278;Tidak Ada;2
1897;113;4619;Tidak Ada;2
1898;113;4620;Tidak Ada;2
1899;113;4621;Tidak Ada;2
1900;113;4622;Tidak Ada;2
1901;113;4623;pagi;2
1902;113;4623;sore;2
1903;113;4624;Tidak Ada;2
1904;113;4625;Tidak Ada;2
1905;113;4626;Tidak Ada;2
1906;113;4627;Tidak Ada;2
1907;113;4628;Tidak Ada;2
1908;113;4629;Tidak Ada;2
1909;113;4630;Tidak Ada;2
1910;113;4631;Tidak Ada;2
1911;113;4632;Tidak Ada;2
1912;113;4633;Tidak Ada;2
1913;113;4634;Tidak Ada;2
1914;113;4635;Tidak Ada;2
1915;113;4636;Tidak Ada;2
1916;113;4637;Tidak Ada;2
1917;113;4638;Tidak Ada;2
1918;113;4639;Tidak Ada;2
1919;113;4640;Dec 5, 2015;2
1920;113;4640;10:44pm;2
1921;113;4641;Tidak Ada;2
1922;113;4642;Tidak Ada;2
1923;113;4643;Tidak Ada;2
1924;113;4644;Tidak Ada;2
1925;113;4645;Tidak Ada;2
1926;113;4646;Tidak Ada;2
1927;113;4647;Tidak Ada;2
1928;113;4648;Tidak Ada;2
1929;113;4649;Tidak Ada;2
1930;113;4650;Tidak Ada;2
1931;113;4651;Tidak Ada;2
1932;113;4652;Tidak Ada;2
1933;113;4653;Tidak Ada;2
1934;113;4654;Tidak Ada;2
1935;114;4655;Tidak Ada;2
1936;114;4656;Oktober;2
1937;114;4657;7 menit;2
1938;204;8919;Tidak Ada;2
1939;204;8920;Tidak Ada;2
1940;27;1251;Tidak Ada;2
1941;27;1252;Tidak Ada;2
1942;27;1253;Tidak Ada;2
1943;27;1254;Tidak Ada;2
1944;27;1255;Tidak Ada;2
1945;5894;247711;Tidak Ada;2
1946;27;1256;Tidak Ada;2
1947;27;1257;Tidak Ada;2
1948;27;1258;Tidak Ada;2
1949;27;1259;Tidak Ada;2
1950;5894;247712;Selasa (21/8/2018);2
1951;27;1260;Tidak Ada;2
1952;27;1261;Tidak Ada;2
1953;5894;247713;Tidak Ada;2
1954;27;1262;Tidak Ada;2
1955;5894;247714;Tidak Ada;2
1956;27;1263;Tidak Ada;2
1957;27;1264;Tidak Ada;2
1958;5894;247715;Selasa (21/8/2018);2
1959;5894;247716;Tidak Ada;2
1960;5894;247717;Tidak Ada;2
1961;5894;247718;Tidak Ada;2
1962;5894;247719;Tidak Ada;2
1963;5894;247720;Tidak Ada;2
1964;5894;247721;Tidak Ada;2
1965;5894;247722;Tidak Ada;2
1966;5905;248110;Senin (20/8/2018);2
1967;5894;247723;Tidak Ada;2
1968;5894;247724;Tidak Ada;2
1969;5894;247725;Tidak Ada;2
1970;5905;248111;2019;2
1971;5894;247726;Tidak Ada;2
1972;5905;248112;Tidak Ada;2
1973;5894;247727;Tidak Ada;2
1974;5894;247728;Tidak Ada;2
1975;5894;247729;Tidak Ada;2
1976;5894;247730;Tidak Ada;2
1977;5894;247731;Tidak Ada;2
1978;5894;247732;Tidak Ada;2
1979;5894;247733;Tidak Ada;2
1980;5894;247734;Selasa (21/8/2018);2
1981;5894;247735;Tidak Ada;2
1982;5894;247736;Tidak Ada;2
1983;5905;248113;2018;2
1984;5894;247737;Tidak Ada;2
1985;5894;247738;Tidak Ada;2
1986;5894;247739;Tidak Ada;2
1987;5905;248114;Tidak Ada;2
1988;5905;248115;Tidak Ada;2
1989;5905;248116;Senin (20/8/2018);2
1990;5894;247740;Tidak Ada;2
1991;5905;248117;Tidak Ada;2
1992;5894;247741;Tidak Ada;2
1993;5894;247742;Tidak Ada;2
1994;5905;248118;Tidak Ada;2
1995;5905;248119;Tidak Ada;2
1996;5894;247743;Tidak Ada;2
1997;5894;247744;Tidak Ada;2
1998;5905;248120;Tidak Ada;2
1999;5905;248121;Tidak Ada;2
2000;5905;248122;Tidak Ada;2
2001;5905;248123;Tidak Ada;2
2002;5905;248124;22 September;2
2003;5905;248125;Tidak Ada;2
2004;5905;248126;Tidak Ada;2
2005;114;4658;Tidak Ada;2
2006;114;4659;Tidak Ada;2
2007;114;4660;Tidak Ada;2
2008;306;13123;(17/11);2
2009;306;13124;25 April 1986;2
2010;306;13125;Tidak Ada;2
2011;114;4661;Tidak Ada;2
2012;114;4662;Tidak Ada;2
2013;114;4663;7 menit;2
2014;5905;248127;Tidak Ada;2
2015;5905;248128;Tidak Ada;2
2016;5905;248129;Tidak Ada;2
2017;114;4664;7 menit;2
2018;114;4664;7 hari;2
2019;5905;248130;Tidak Ada;2
2020;114;4665;Tidak Ada;2
2021;5905;248131;Tidak Ada;2
2022;114;4666;Tidak Ada;2
2023;5894;247745;Tidak Ada;2
2024;114;4667;7 menit;2
2025;114;4667;Jumat;2
2026;114;4667;(10/11/2017);2
2027;114;4667;Jumat (10/11/2017);2
2028;5894;247746;Tidak Ada;2
2029;5894;247747;Tidak Ada;2
2030;5894;247748;Tidak Ada;2
2031;5894;247749;Tidak Ada;2
2032;5894;247750;Tidak Ada;2
2033;5894;247751;Tidak Ada;2
2034;114;4668;Tidak Ada;2
2035;5894;247752;Tidak Ada;2
2036;5894;247753;Tidak Ada;2
2037;114;4669;7 menit;2
2038;5894;247754;1992;2
2039;5897;247830;2018;2
2040;5894;247755;Tidak Ada;2
2041;5894;247756;Tidak Ada;2
2042;5897;247831;2018;2
2043;5894;247757;Tidak Ada;2
2044;114;4670;Tidak Ada;2
2045;5897;247832;2018;2
2046;5894;247758;Tidak Ada;2
2047;114;4671;Tidak Ada;2
2048;114;4672;Tidak Ada;2
2049;5903;248065;Tidak Ada;2
2050;114;4673;Tidak Ada;2
2051;5897;247833;Tidak Ada;2
2052;5903;248066;2010;2
2053;75;3246;Tidak Ada;2
2054;5897;247834;Selasa (21/8/2018);2
2055;5903;248067;Tidak Ada;2
2056;114;4674;7 menit;2
2057;5903;248068;Tidak Ada;2
2058;5903;248069;18/8/2018;2
2059;114;4675;Tidak Ada;2
2060;75;3247;Tidak Ada;2
2061;5897;247835;Senin (20/8/2018);2
2062;5903;248070;Tidak Ada;2
2063;5903;248071;Tidak Ada;2
2064;114;4676;Tidak Ada;2
2065;5897;247836;2018;2
2066;75;3248;Tidak Ada;2
2067;5903;248072;Tidak Ada;2
2068;5897;247837;Selasa (21/8/2018);2
2069;5897;247837;15.00 WIB;2
2070;5903;248073;Tidak Ada;2
2071;5903;248074;Tidak Ada;2
2072;5903;248075;Tidak Ada;2
2073;213;9231;20/11/2017);2
2074;5897;247838;Tidak Ada;2
2075;5872;246890;Senin (20/8/2018);2
2076;5872;246891;Tidak Ada;2
2077;213;9232;(16/11/2017);2
2078;5872;246892;Tidak Ada;2
2079;252;10977;Tidak Ada;2
2080;5872;246893;Tidak Ada;2
2081;5959;250185;Tidak Ada;2
2082;252;10978;Tidak Ada;2
2083;5872;246894;Tidak Ada;2
2084;5872;246895;Tidak Ada;2
2085;5959;250186;Tidak Ada;2
2086;252;10979;Tidak Ada;2
2087;114;4677;Tidak Ada;2
2088;5959;250187;Tidak Ada;2
2089;252;10980;Tidak Ada;2
2090;5872;246896;2010;2
2091;114;4678;Tidak Ada;2
2092;5872;246896;2014;2
2093;5872;246897;Tidak Ada;2
2094;252;10981;Tidak Ada;2
2095;5872;246898;Tidak Ada;2
2096;5872;246899;Tidak Ada;2
2097;114;4679;Tidak Ada;2
2098;252;10982;Tidak Ada;2
2099;5872;246900;Tidak Ada;2
2100;252;10983;Tidak Ada;2
2101;5872;246901;Tidak Ada;2
2102;5959;250188;Tidak Ada;2
2103;5872;246902;Tidak Ada;2
2104;252;10984;Tidak Ada;2
2105;5959;250189;Tidak Ada;2
2106;5872;246903;Tidak Ada;2
2107;252;10985;Tidak Ada;2
2108;114;4680;Tidak Ada;2
2109;5872;246904;Tidak Ada;2
2110;5872;246905;Tidak Ada;2
2111;114;4681;Tidak Ada;2
2112;5872;246906;Tidak Ada;2
2113;5959;250190;Tidak Ada;2
2114;252;10986;Tidak Ada;2
2115;5959;250191;Tidak Ada;2
2116;5959;250155;Tidak Ada;2
2117;252;10987;Tidak Ada;2
2118;114;4682;Tidak Ada;2
2119;5959;250156;Tidak Ada;2
2120;252;10988;Tidak Ada;2
2121;5959;250157;Tidak Ada;2
2122;252;10989;Tidak Ada;2
2123;252;10990;Tidak Ada;2
2124;252;10991;Tidak Ada;2
2125;5959;250158;Tidak Ada;2
2126;252;10992;Tidak Ada;2
2127;252;10993;Tidak Ada;2
2128;5959;250159;Tidak Ada;2
2129;252;10994;Tidak Ada;2
2130;252;10995;Tidak Ada;2
2131;5959;250161;Tidak Ada;2
2132;114;4683;Tidak Ada;2
2133;252;10996;Tidak Ada;2
2134;114;4684;Tidak Ada;2
2135;5959;250162;Tidak Ada;2
2136;252;10997;17 Juli 2017.;2
2137;114;4685;7 menit;2
2138;252;10998;Tidak Ada;2
2139;114;4686;7 menit;2
2140;252;10999;31 Oktober 2017.;2
2141;114;4687;Tidak Ada;2
2142;252;11000;Jumat (17/11/2017) hingga 6 Desember 2017;2
2143;114;4688;Tidak Ada;2
2144;252;11001;Tidak Ada;2
2145;114;4689;Tidak Ada;2
2146;252;11002;Tidak Ada;2
2147;252;11003;Tidak Ada;2
2148;114;4690;Tidak Ada;2
2149;252;11004;Tidak Ada;2
2150;114;4691;Tidak Ada;2
2151;252;11005;Tidak Ada;2
2152;114;4692;Tidak Ada;2
2153;252;11006;Tidak Ada;2
2154;116;4711;Tidak Ada;2
2155;252;11007;Tidak Ada;2
2156;5959;250163;Tidak Ada;2
2157;252;11008;Tidak Ada;2
2158;116;4712;Tidak Ada;2
2159;5959;250164;Tidak Ada;2
2160;252;11009;Tidak Ada;2
2161;252;11010;Tidak Ada;2
2162;116;4713;Tidak Ada;2
2163;5959;250165;Tidak Ada;2
2164;116;4714;Tidak Ada;2
2165;116;4715;Tidak Ada;2
2166;5959;250166;Tidak Ada;2
2167;116;4716;Tidak Ada;2
2168;116;4717;Tidak Ada;2
2169;116;4718;Oct 25, 2017;2
2170;116;4718;at 9:50am;2
2171;116;4719;Tidak Ada;2
2172;116;4720;1890;2
2173;116;4720;1840;2
2174;5897;247839;Tidak Ada;2
2175;5897;247840;Tidak Ada;2
2176;244;10640;Tidak Ada;2
2177;244;10641;Tidak Ada;2
2178;244;10642;Tidak Ada;2
2179;244;10643;Tidak Ada;2
2180;244;10644;Tidak Ada;2
2181;244;10645;Tidak Ada;2
2182;244;10646;Tidak Ada;2
2183;244;10647;Tidak Ada;2
2184;244;10648;(10/09/2017);2
2185;244;10649;Tidak Ada;2
2186;244;10650;Tidak Ada;2
2187;5967;250456;Rabu (11/7);2
2188;5967;250457;Tidak Ada;2
2189;5967;250458;20 Agustus 2018;2
2190;5967;250459;2017;2
2191;5967;250460;2018;2
2192;5967;250461;Tidak Ada;2
2193;5967;250462;Tidak Ada;2
2194;5967;250463;Tidak Ada;2
2195;5967;250464;Tidak Ada;2
2196;5967;250465;Tidak Ada;2
2197;5967;250466;Tidak Ada;2
2198;5967;250466;Tidak Ada;2
2199;5967;250466;Tidak Ada;2
2200;5967;250467;Tidak Ada;2
2201;5967;250468;2018;2
2202;5967;250468;Jumat (24/8/2018);2
2203;5967;250469;Tidak Ada;2
2204;5967;250470;Tidak Ada;2
2205;5967;250471;Tidak Ada;2
2206;5967;250472;2019;2
2207;5967;250473;2018;2
2208;5967;250474;2018;2
2209;71;3135;Tidak Ada;2
2210;71;3136;Tidak Ada;2
2211;71;3137;Tidak Ada;2
2212;71;3138;Tidak Ada;2
2213;71;3139;Tidak Ada;2
2214;71;3140;Tidak Ada;2
2215;71;3140;Tidak Ada;2
2216;71;3141;Tidak Ada;2
2217;71;3142;Tidak Ada;2
2218;71;3114;Tidak Ada;2
2219;71;3115;Tidak Ada;2
2220;71;3116;Tidak Ada;2
2221;71;3117;Tidak Ada;2
2222;71;3118;Tidak Ada;2
2223;71;3119;Tidak Ada;2
2224;71;3120;Tidak Ada;2
2225;71;3121;2002;2
2226;71;3121;2015;2
2227;71;3122;Tidak Ada;2
2228;71;3123;Tidak Ada;2
2229;71;3124;Tidak Ada;2
2230;71;3125;Tidak Ada;2
2231;141;6037;Tidak Ada;2
2232;71;3126;12/11;2
2233;71;3127;Tidak Ada;2
2234;71;3128;Tidak Ada;2
2235;141;6038;Tidak Ada;2
2236;71;3129;Tidak Ada;2
2237;71;3130;Tidak Ada;2
2238;71;3131;Tidak Ada;2
2239;71;3132;Tidak Ada;2
2240;71;3133;Tidak Ada;2
2241;5926;248930;2012;2
2242;5926;248931;Tidak Ada;2
2243;5926;248932;Tidak Ada;2
2244;141;6039;Tidak Ada;2
2245;5926;248933;Tidak Ada;2
2246;5926;248934;Tidak Ada;2
2247;5926;248935;Tidak Ada;2
2248;141;6040;Tidak Ada;2
2249;141;6041;Tidak Ada;2
2250;5926;248936;Selasa (21/8) pukul 18.00;2
2251;141;6042;Tidak Ada;2
2252;141;6043;Tidak Ada;2
2253;5926;248937;Tidak Ada;2
2254;5926;248892;Selasa (21/8/2018);2
2255;141;6044;Tidak Ada;2
2256;5926;248893;Tidak Ada;2
2257;5926;248894;Tidak Ada;2
2258;5926;248897;Selasa (21/8/2018);2
2259;5926;248898;29 tahun silam;2
2260;5926;248899;Tidak Ada;2
2261;5926;248900;Tidak Ada;2
2262;5926;248901;Tidak Ada;2
2263;5926;248902;Tidak Ada;2
2264;5926;248903;Tidak Ada;2
2265;5926;248904;Tidak Ada;2
2266;5926;248905;Tidak Ada;2
2267;5926;248906;Tidak Ada;2
2268;5926;248907;Tidak Ada;2
2269;5926;248908;delapan tahun;2
2270;141;6045;Tidak Ada;2
2271;141;6046;Tidak Ada;2
2272;141;5966;Tidak Ada;2
2273;141;5967;Tidak Ada;2
2274;5926;248909;2018;2
2275;5926;248909;2014;2
2276;5926;248909;2010;2
2277;5926;248910;2008 dan 2012;2
2278;5926;248910;2016;2
2279;141;5968;Tidak Ada;2
2280;141;5969;Tidak Ada;2
2281;141;5970;Tidak Ada;2
2282;5967;250475;Tahun Depan;2
2283;5967;250476;Tidak Ada;2
2284;5967;250477;Tidak Ada;2
2285;5967;250478;Tidak Ada;2
2286;76;3279;Tidak Ada;2
2287;5967;250479;Tidak Ada;2
2288;76;3280;Tidak Ada;2
2289;5967;250480;Tidak Ada;2
2290;5967;250481;Jumat (24/8);2
2291;203;8875;Tidak Ada;2
2292;203;8876;Tidak Ada;2
2293;5967;250482;Tidak Ada;2
2294;203;8877;Tidak Ada;2
2295;203;8878;Tidak Ada;2
2296;203;8879;Tidak Ada;2
2297;5967;250483;Tidak Ada;2
2298;203;8880;Tidak Ada;2
2299;203;8881;Tidak Ada;2
2300;293;12549;Tidak Ada;2
2301;203;8882;Tidak Ada;2
2302;293;12550;Tidak Ada;2
2303;203;8883;Tidak Ada;2
2304;203;8884;Tidak Ada;2
2305;5967;250484;Tidak Ada;2
2306;293;12551;Tidak Ada;2
2307;293;12552;Tidak Ada;2
2308;203;8885;Tidak Ada;2
2309;293;12553;Tidak Ada;2
2310;203;8886;Tidak Ada;2
2311;293;12554;Tidak Ada;2
2312;5967;250485;2016 2017;2
2313;203;8887;Tidak Ada;2
2314;203;8887;Tidak Ada;2
2315;293;12555;Tidak Ada;2
2316;203;8888;Tidak Ada;2
2317;293;12556;Tidak Ada;2
2318;203;8889;Tidak Ada;2
2319;5967;250486;2019;2
2320;293;12557;Tidak Ada;2
2321;293;12558;Tidak Ada;2
2322;203;8890;Tidak Ada;2
2323;293;12559;Tidak Ada;2
2324;203;8891;Tidak Ada;2
2325;293;12560;Tidak Ada;2
2326;203;8892;Minggu (19/11/2017);2
2327;76;3281;Tidak Ada;2
2328;293;12561;Tidak Ada;2
2329;293;12562;Tidak Ada;2
2330;76;3282;Tidak Ada;2
2331;293;12563;Tidak Ada;2
2332;5967;250487;tahun depan;2
2333;293;12564;22/11/2017;2
2334;76;3283;Tidak Ada;2
2335;294;12565;Tidak Ada;2
2336;76;3284;Tidak Ada;2
2337;294;12566;Tidak Ada;2
2338;203;8893;Tidak Ada;2
2339;203;8894;Tidak Ada;2
2340;294;12567;Tidak Ada;2
2341;203;8895;Tidak Ada;2
2342;294;12569;Tidak Ada;2
2343;96;4016;Tidak Ada;2
2344;294;12570;Tidak Ada;2
2345;141;5971;Tidak Ada;2
2346;203;8896;Tidak Ada;2
2347;294;12572;Tidak Ada;2
2348;141;5972;Tidak Ada;2
2349;5967;250488;Tidak Ada;2
2350;203;8897;Tidak Ada;2
2351;96;4017;Tidak Ada;2
2352;294;12573;Tidak Ada;2
2353;203;8898;Tidak Ada;2
2354;294;12574;Tidak Ada;2
2355;203;8899;Tidak Ada;2
2356;96;4018;Tidak Ada;2
2357;294;12575;Tidak Ada;2
2358;203;8900;Tidak Ada;2
2359;96;4019;Tidak Ada;2
2360;203;8901;Tidak Ada;2
2361;5919;248647;Tidak Ada;2
2362;5919;248648;Tidak Ada;2
2363;96;4020;Tidak Ada;2
2364;5919;248616;Tidak Ada;2
2365;5919;248617;Tidak Ada;2
2366;5919;248618;Tidak Ada;2
2367;5919;248619;Tidak Ada;2
2368;5919;248620;Tidak Ada;2
2369;5919;248621;Tidak Ada;2
2370;96;4021;Tidak Ada;2
2371;5919;248622;Tidak Ada;2
2372;5919;248623;Tidak Ada;2
2373;294;12576;Tidak Ada;2
2374;5919;248624;Tidak Ada;2
2375;5919;248625;Kamis (9/8);2
2376;5919;248625;Tidak Ada;2
2377;5919;248626;Tidak Ada;2
2378;96;3965;Tidak Ada;2
2379;96;3966;Tidak Ada;2
2380;96;3967;Tidak Ada;2
2381;5919;248627;Tidak Ada;2
2382;294;12577;Tidak Ada;2
2383;96;3968;Tidak Ada;2
2384;5919;248628;Tidak Ada;2
2385;96;3969;Tidak Ada;2
2386;5919;248629;Tidak Ada;2
2387;294;12578;Tidak Ada;2
2388;5919;248630;Tidak Ada;2
2389;96;3970;Tidak Ada;2
2390;5919;248631;Tidak Ada;2
2391;5919;248632;Tidak Ada;2
2392;5919;248633;Tidak Ada;2
2393;96;3971;Tidak Ada;2
2394;5919;248635;Tidak Ada;2
2395;294;12579;Tidak Ada;2
2396;96;3972;Tidak Ada;2
2397;294;12580;Tidak Ada;2
2398;96;3973;Tidak Ada;2
2399;96;3974;Tidak Ada;2
2400;294;12581;Tidak Ada;2
2401;294;12582;Tidak Ada;2
2402;96;3975;31 Oktober2017;2
2403;294;12583;Tidak Ada;2
2404;294;12584;Tidak Ada;2
2405;96;3976;Tidak Ada;2
2406;96;3977;Tidak Ada;2
2407;96;3978;Tidak Ada;2
2408;96;3979;Tidak Ada;2
2409;96;3980;Tidak Ada;2
2410;96;3981;Tidak Ada;2
2411;96;3982;Tidak Ada;2
2412;96;3983;Tidak Ada;2
2413;96;3984;Tidak Ada;2
2414;96;3985;Tidak Ada;2
2415;96;3986;Tidak Ada;2
2416;96;3988;Tidak Ada;2
2417;96;3989;Tidak Ada;2
2418;109;4462;Tidak Ada;2
2419;5895;247789;Tidak Ada;2
2420;109;4463;Tidak Ada;2
2421;5895;247759;21/08/2018;2
2422;109;4464;Tahun 2014;2
2423;5895;247759;Selasa;2
2424;5895;247760;Tidak Ada;2
2425;5895;247761;Tidak Ada;2
2426;96;3990;Tidak Ada;2
2427;5895;247762;Tidak Ada;2
2428;109;4465;Tidak Ada;2
2429;96;3991;Tidak Ada;2
2430;5895;247763;Hari ini;2
2431;109;4466;Tidak Ada;2
2432;96;3992;Tidak Ada;2
2433;96;3993;Tidak Ada;2
2434;5895;247764;Tidak Ada;2
2435;5895;247765;Tidak Ada;2
2436;5895;247766;Tidak Ada;2
2437;5895;247767;Tidak Ada;2
2438;5895;247768;Tidak Ada;2
2439;5895;247772;Tidak Ada;2
2440;5895;247776;Tidak Ada;2
2441;5895;247777;Tidak Ada;2
2442;5895;247778;Tidak Ada;2
2443;5895;247779;Tidak Ada;2
2444;5895;247780;Tidak Ada;2
2445;5895;247781;Tidak Ada;2
2446;5895;247782;pukul 16.56;2
2447;5895;247782;hari ini;2
2448;5895;247785;hari ini;2
2449;5895;247788;Tidak Ada;2
2450;109;4467;Tidak Ada;2
2451;5898;247906;Tidak Ada;2
2452;5898;247856;Selasa;2
2453;109;4468;Tidak Ada;2
2454;5898;247857;menjelang panen raya;2
2455;5898;247858;Semula;2
2456;5898;247859;saat ini;2
2457;5898;247860;awal juli 2018;2
2458;5898;247863;Senin;2
2459;5898;247863;Senin (20/8/2018);2
2460;5898;247866;Tidak Ada;2
2461;5898;247867;Tidak Ada;2
2462;5898;247869;saat ini;2
2463;5898;247870;akhir agustus 2018;2
2464;5898;247871;ketika panen raya;2
2465;109;4469;Tidak Ada;2
2466;109;4470;Tidak Ada;2
2467;5898;247872;Tidak Ada;2
2468;5898;247873;saat ini;2
2469;5898;247874;Tidak Ada;2
2470;109;4471;Tidak Ada;2
2471;109;4472;Tidak Ada;2
2472;5898;247875;saat ini;2
2473;5898;247877;Kamis;2
2474;5898;247877;kamis (16/8);2
2475;5898;247877;(16/8);2
2476;5898;247879;Tidak Ada;2
2477;109;4473;Tidak Ada;2
2478;5898;247880;saat ini;2
2479;5898;247881;Tidak Ada;2
2480;5898;247883;Tidak Ada;2
2481;5898;247884;saat ini;2
2482;5898;247886;Tidak Ada;2
2483;109;4474;Tidak Ada;2
2484;5898;247890;Tidak Ada;2
2485;5898;247891;saat ini;2
2486;109;4475;Tidak Ada;2
2487;5898;247892;tahun sebelumnya;2
2488;5898;247893;Tidak Ada;2
2489;3;119;Tidak Ada;2
2490;3;119;Tidak Ada;2
2491;3;120;Tidak Ada;2
2492;3;121;Tidak Ada;2
2493;3;122;Tidak Ada;2
2494;3;123;Tidak Ada;2
2495;3;124;Tidak Ada;2
2496;3;125;Tidak Ada;2
2497;3;126;Tidak Ada;2
2498;3;127;Tidak Ada;2
2499;3;128;Tidak Ada;2
2500;3;129;tahun;2
2501;3;129;tahun ini;2
2502;3;130;tahun;2
2503;3;130;tahun ini;2
2504;351;15090;Tidak Ada;2
2505;3;131;Tidak Ada;2
2506;351;15091;Tidak Ada;2
2507;351;15092;Tidak Ada;2
2508;3;132;Tidak Ada;2
2509;351;15094;Tidak Ada;2
2510;3;133;Tidak Ada;2
2511;5898;247894;Tidak Ada;2
2512;109;4476;Tidak Ada;2
2513;109;4477;Tidak Ada;2
2514;4;184;Tidak Ada;2
2515;5898;247895;Tidak Ada;2
2516;4;185;Tidak Ada;2
2517;109;4478;Tidak Ada;2
2518;5898;247896;saat ini;2
2519;5898;247896;Tidak Ada;2
2520;115;4693;Tidak Ada;2
2521;5898;247897;saat ini;2
2522;5898;247901;Tidak Ada;2
2523;4;186;Tidak Ada;2
2524;4;187;Tidak Ada;2
2525;5898;247903;saat ini;2
2526;115;4694;Tidak Ada;2
2527;4;188;Tidak Ada;2
2528;4;189;Tidak Ada;2
2529;115;4695;Tidak Ada;2
2530;4;190;Tidak Ada;2
2531;5898;247904;saat petani tengah panen garam;2
2532;4;191;Tidak Ada;2
2533;115;4696;Tidak Ada;2
2534;5901;248011;Tidak Ada;2
2535;4;192;Tidak Ada;2
2536;4;134;Tidak Ada;2
2537;5901;248012;bulan Dzulqadah;2
2538;5901;248012;30 hari;2
2539;4;135;Tidak Ada;2
2540;4;136;Tidak Ada;2
2541;5901;248013;Senin, 13 Agustus 2018;2
2542;5901;248013;tanggal 1 Dzulhijjah;2
2543;4;137;Tidak Ada;2
2544;115;4697;Tidak Ada;2
2545;192;8397;Sebelum punah;2
2546;115;4698;Tidak Ada;2
2547;5901;248015;hari Arafah;2
2548;115;4699;Tidak Ada;2
2549;5901;248016;Tidak Ada;2
2550;115;4700;Tidak Ada;2
2551;115;4701;Tidak Ada;2
2552;5901;248017;tanggal 9 Dzulhijjah;2
2553;5901;248017;Rabu;2
2554;5901;248017;(22/8/2018).;2
2555;5901;248017;hari ini;2
2556;5901;248018;Tidak Ada;2
2557;115;4702;Tidak Ada;2
2558;115;4703;23-25 November 2017;2
2559;115;4703;2017;2
2560;5901;248019;Tidak Ada;2
2561;115;4704;Tidak Ada;2
2562;192;8398;Tidak Ada;2
2563;115;4705;Tidak Ada;2
2564;306;13126;Tidak Ada;2
2565;306;13127;Tidak Ada;2
2566;115;4706;Tidak Ada;2
2567;306;13128;Tidak Ada;2
2568;306;13129;Tidak Ada;2
2569;306;13130;Tidak Ada;2
2570;115;4707;Tidak Ada;2
2571;306;13131;Tidak Ada;2
2572;115;4708;Tidak Ada;2
2573;306;13132;Tidak Ada;2
2574;306;13133;Tidak Ada;2
2575;306;13134;Tidak Ada;2
2576;306;13135;Tidak Ada;2
2577;306;13136;Tidak Ada;2
2578;306;13137;Tidak Ada;2
2579;115;4709;Tidak Ada;2
2580;306;13138;Tidak Ada;2
2581;306;13139;Tidak Ada;2
2582;115;4710;Tidak Ada;2
2583;306;13140;Tidak Ada;2
2584;306;13141;Tidak Ada;2
2585;306;13142;Tidak Ada;2
2586;5901;248020;Tidak Ada;2
2587;5901;247991;Selasa;2
2588;5901;247991;(21/8/2018);2
2589;5901;247991;Selasa (21/8/2018);2
2590;306;13143;Tidak Ada;2
2591;116;4721;Tidak Ada;2
2592;306;13144;Tidak Ada;2
2593;306;13145;Tidak Ada;2
2594;306;13146;Tidak Ada;2
2595;116;4722;Tidak Ada;2
2596;116;4723;Nov 2, 2017;2
2597;116;4723;at 10:57am;2
2598;116;4724;Tidak Ada;2
2599;122;5172;Tidak Ada;2
2600;116;4725;Tidak Ada;2
2601;5901;247992;Selasa;2
2602;5901;247992;Selasa (21/8/2018).;2
2603;122;5173;Tidak Ada;2
2604;5901;247993;pagi tadi;2
2605;122;5174;Tidak Ada;2
2606;5901;247994;satu hari sebelumnya;2
2607;116;4726;Tidak Ada;2
2608;122;5175;Tidak Ada;2
2609;5901;247995;pukul 12.00;2
2610;5901;247995;pukul 16.00;2
2611;5901;247995;Senin;2
2612;122;5176;Tidak Ada;2
2613;122;5177;Tidak Ada;2
2614;122;5178;Tidak Ada;2
2615;116;4727;Tidak Ada;2
2616;122;5179;menit pertama;2
2617;122;5180;Tidak Ada;2
2618;122;5181;Tidak Ada;2
2619;116;4728;Tidak Ada;2
2620;122;5142;Rabu (15/11/2017) dinihari WIB;2
2621;116;4729;Tidak Ada;2
2622;116;4730;Tidak Ada;2
2623;116;4731;Tidak Ada;2
2624;116;4732;3-4 Juli;2
2625;116;4732;5-6 Juli;2
2626;116;4733;7-8 Juli;2
2627;116;4734;12-17 Juli 2017;2
2628;116;4735;Tidak Ada;2
2629;116;4736;Jun 24, 2017;2
2630;116;4736;at 8:41am;2
2631;5958;250140;Tidak Ada;2
2632;5958;250142;Tidak Ada;2
2633;5958;250144;Tidak Ada;2
2634;5958;250145;1,5 tahun;2
2635;5958;250120;Tidak Ada;2
2636;5958;250121;pekan ini;2
2637;116;4737;Tidak Ada;2
2638;116;4738;Tidak Ada;2
2639;116;4739;Tidak Ada;2
2640;116;4740;Agustus;2
2641;5959;250167;Tidak Ada;2
2642;5959;250168;Tidak Ada;2
2643;116;4741;2018;2
2644;116;4741;Februari;2
2645;116;4741;Maret;2
2646;5959;250169;Tidak Ada;2
2647;5959;250170;Tidak Ada;2
2648;116;4742;Januari;2
2649;5959;250171;Tidak Ada;2
2650;5959;250172;Tidak Ada;2
2651;5958;250122;Tidak Ada;2
2652;5959;250173;Tidak Ada;2
2653;204;8921;Tidak Ada;2
2654;5959;250174;Tidak Ada;2
2655;5958;250123;dua tahun;2
2656;116;4743;Tidak Ada;2
2657;5959;250175;Tidak Ada;2
2658;5958;250126;Tidak Ada;2
2659;204;8922;2015;2
2660;5959;250176;Tidak Ada;2
2661;204;8923;Tidak Ada;2
2662;5958;250128;Tidak Ada;2
2663;5958;250129;Tidak Ada;2
2664;204;8924;Tidak Ada;2
2665;5959;250177;Tidak Ada;2
2666;204;8925;Tidak Ada;2
2667;204;8926;Tidak Ada;2
2668;5958;250130;Tidak Ada;2
2669;5959;250178;Tidak Ada;2
2670;204;8927;Tidak Ada;2
2671;5958;250133;Tidak Ada;2
2672;5959;250179;Tidak Ada;2
2673;204;8928;Tidak Ada;2
2674;204;8929;Tidak Ada;2
2675;5958;250134;Tidak Ada;2
2676;5959;250180;Tidak Ada;2
2677;5936;249260;pagi;2
2678;204;8930;Tidak Ada;2
2679;5959;250181;Tidak Ada;2
2680;5936;249267;empat hari;2
2681;5959;250182;Tidak Ada;2
2682;204;8931;Tidak Ada;2
2683;5936;249268;Tidak Ada;2
2684;204;8932;Tidak Ada;2
2685;5959;250183;Tidak Ada;2
2686;204;8933;Tidak Ada;2
2687;5936;249270;Tidak Ada;2
2688;5959;250184;Tidak Ada;2
2689;5936;249271;Tidak Ada;2
2690;204;8934;Tidak Ada;2
2691;5955;250035;Tidak Ada;2
2692;5936;249284;Tidak Ada;2
2693;204;8935;Tidak Ada;2
2694;5955;250036;23/8;2
2695;204;8936;Tidak Ada;2
2696;5936;249288;Tidak Ada;2
2697;204;8937;Tidak Ada;2
2698;5936;249295;Tidak Ada;2
2699;204;8938;Tidak Ada;2
2700;5955;250037;Tidak Ada;2
2701;5962;250296;Tidak Ada;2
2702;204;8939;Tidak Ada;2
2703;5962;250297;Tidak Ada;2
2704;204;8940;Tidak Ada;2
2705;5962;250267;Tidak Ada;2
2706;5955;250038;Tidak Ada;2
2707;204;8941;Tidak Ada;2
2708;5955;250039;Tidak Ada;2
2709;201;8827;Tidak Ada;2
2710;201;8828;Tidak Ada;2
2711;201;8829;Tidak Ada;2
2712;5955;250040;Tidak Ada;2
2713;201;8830;Tidak Ada;2
2714;5962;250268;Tidak Ada;2
2715;201;8756;Tidak Ada;2
2716;5955;250041;Tidak Ada;2
2717;201;8757;Tidak Ada;2
2718;5962;250269;Tidak Ada;2
2719;117;4744;Tidak Ada;2
2720;5962;250270;Tidak Ada;2
2721;5955;250042;23/8;2
2722;5962;250271;Tidak Ada;2
2723;5962;250272;Tidak Ada;2
2724;5955;250043;Tidak Ada;2
2725;117;4745;Tidak Ada;2
2726;5962;250273;Tidak Ada;2
2727;5962;250274;Tidak Ada;2
2728;5955;249995;16/8/2018;2
2729;5962;250275;Tidak Ada;2
2730;5962;250276;Tidak Ada;2
2731;5955;249996;5 Agustus 2018;2
2732;5962;250277;Tidak Ada;2
2733;5962;250278;Tidak Ada;2
2734;5955;249997;Tidak Ada;2
2735;5962;250282;Tidak Ada;2
2736;5955;249998;Tidak Ada;2
2737;5962;250283;Tidak Ada;2
2738;5955;249999;Tidak Ada;2
2739;5962;250286;Tidak Ada;2
2740;5955;250000;Tidak Ada;2
2741;5962;250287;Tidak Ada;2
2742;117;4746;Selasa (14/11);2
2743;5955;250001;22/8/2018;2
2744;5955;250003;Tidak Ada;2
2745;117;4747;Tidak Ada;2
2746;117;4748;Tidak Ada;2
2747;5955;250004;Tidak Ada;2
2748;5955;250005;Tidak Ada;2
2749;5955;250007;Tidak Ada;2
2750;117;4749;Tidak Ada;2
2751;5955;250008;Tidak Ada;2
2752;5955;250009;Tidak Ada;2
2753;5955;250010;24/8;2
2754;117;4750;Tidak Ada;2
2755;5955;250011;Tidak Ada;2
2756;117;4751;Tidak Ada;2
2757;117;4752;Tidak Ada;2
2758;5955;250012;Tidak Ada;2
2759;5955;250013;Tidak Ada;2
2760;5955;250014;Tidak Ada;2
2761;5955;250016;Tidak Ada;2
2762;117;4753;Tidak Ada;2
2763;5955;250017;Tidak Ada;2
2764;5955;250018;Tidak Ada;2
2765;117;4754;Tidak Ada;2
2766;5955;250019;Tidak Ada;2
2767;5955;250020;Tidak Ada;2
2768;117;4755;Tidak Ada;2
2769;5955;250022;Tidak Ada;2
2770;5955;250023;Tidak Ada;2
2771;5955;250024;Tidak Ada;2
2772;5955;250025;Tidak Ada;2
2773;5955;250026;Tidak Ada;2
2774;117;4756;Tidak Ada;2
2775;5955;250027;Tidak Ada;2
2776;5955;250028;Tidak Ada;2
2777;5955;250029;Tidak Ada;2
2778;5955;250030;Tidak Ada;2
2779;306;13147;Tidak Ada;2
2780;306;13148;Tidak Ada;2
2781;306;13149;Tidak Ada;2
2782;306;13150;Tidak Ada;2
2783;306;13151;Tidak Ada;2
2784;306;13152;Tidak Ada;2
2785;306;13153;Tidak Ada;2
2786;312;13407;23/11/2017;2
2787;312;13408;Tidak Ada;2
2788;312;13409;Tidak Ada;2
2789;192;8399;Tidak Ada;2
2790;192;8400;Tidak Ada;2
2791;192;8401;Tidak Ada;2
2792;192;8402;Tidak Ada;2
2793;192;8403;Tidak Ada;2
2794;192;8404;Tidak Ada;2
2795;192;8405;Tidak Ada;2
2796;351;15095;2000;2
2797;351;15095;2013;2
2798;351;15096;Tidak Ada;2
2799;351;15097;Tidak Ada;2
2800;351;15098;Tidak Ada;2
2801;351;15099;Tidak Ada;2
2802;351;15100;Tidak Ada;2
2803;351;15101;Tidak Ada;2
2804;351;15102;Tidak Ada;2
2805;222;9450;Tidak Ada;2
2806;222;9451;Tidak Ada;2
2807;222;9452;Tidak Ada;2
2808;222;9453;Tidak Ada;2
2809;222;9454;Tidak Ada;2
2810;141;5973;Tidak Ada;2
2811;222;9455;Tidak Ada;2
2812;141;5974;Tidak Ada;2
2813;141;5975;Tidak Ada;2
2814;141;5976;Rabu (27/9/2017);2
2815;141;5977;Tidak Ada;2
2816;141;5978;1993;2
2817;141;5979;Tidak Ada;2
2818;141;5980;Tidak Ada;2
2819;141;5981;Tidak Ada;2
2820;222;9456;Tidak Ada;2
2821;222;9457;Tidak Ada;2
2822;222;9458;Tidak Ada;2
2823;222;9459;Tidak Ada;2
2824;141;5982;Tidak Ada;2
2825;141;5983;Tidak Ada;2
2826;222;9460;Tidak Ada;2
2827;222;9461;Tidak Ada;2
2828;222;9462;Tidak Ada;2
2829;222;9463;Minggu (19/11/2017);2
2830;222;9464;Tidak Ada;2
2831;222;9465;setengah jam;2
2832;222;9466;Tidak Ada;2
2833;222;9467;satu jam;2
2834;222;9468;Tidak Ada;2
2835;222;9469;Tidak Ada;2
2836;141;5984;Tidak Ada;2
2837;141;5985;Tidak Ada;2
2838;117;4757;Tidak Ada;2
2839;117;4758;Tidak Ada;2
2840;117;4759;Tidak Ada;2
2841;117;4760;Tidak Ada;2
2842;117;4761;Tidak Ada;2
2843;117;4762;Tidak Ada;2
2844;117;4763;Tidak Ada;2
2845;117;4764;Tidak Ada;2
2846;117;4765;Tidak Ada;2
2847;117;4766;Tidak Ada;2
2848;117;4767;Tidak Ada;2
2849;117;4768;Tidak Ada;2
2850;117;4769;Tidak Ada;2
2851;117;4770;Tidak Ada;2
2852;117;4771;Tidak Ada;2
2853;117;4772;Tidak Ada;2
2854;5926;248912;Tidak Ada;2
2855;5926;248913;Tidak Ada;2
2856;117;4773;Tidak Ada;2
2857;5926;248914;Tidak Ada;2
2858;117;4774;Tidak Ada;2
2859;5926;248915;Tidak Ada;2
2860;5926;248916;Tidak Ada;2
2861;5926;248918;Tidak Ada;2
2862;117;4775;Tidak Ada;2
2863;5926;248920;Tidak Ada;2
2864;5926;248921;Tidak Ada;2
2865;117;4776;Tidak Ada;2
2866;5926;248922;Tidak Ada;2
2867;5926;248923;Tidak Ada;2
2868;117;4777;Tidak Ada;2
2869;5926;248926;Tidak Ada;2
2870;5926;248928;Tidak Ada;2
2871;5926;248929;Tidak Ada;2
2872;117;4778;Tidak Ada;2
2873;117;4779;Tidak Ada;2
2874;117;4780;Tidak Ada;2
2875;123;5209;Tidak Ada;2
2876;123;5210;Tidak Ada;2
2877;5816;244358;Tidak Ada;2
2878;5816;244358;Tidak Ada;2
2879;5816;244360;Tidak Ada;2
2880;5816;244361;Tidak Ada;2
2881;5816;244362;Tidak Ada;2
2882;123;5211;Tidak Ada;2
2883;5816;244363;Tidak Ada;2
2884;5816;244364;Tidak Ada;2
2885;5816;244365;Tidak Ada;2
2886;5816;244366;Tidak Ada;2
2887;4;138;Tidak Ada;2
2888;123;5212;Sabtu (11/11/2017);2
2889;5816;244367;Tidak Ada;2
2890;5816;244368;Tidak Ada;2
2891;5816;244338;Tidak Ada;2
2892;4;139;Tidak Ada;2
2893;123;5213;Tidak Ada;2
2894;5816;244339;Tidak Ada;2
2895;5816;244340;Senin;2
2896;123;5214;Tidak Ada;2
2897;5816;244341;Tidak Ada;2
2898;4;140;Tidak Ada;2
2899;5919;248636;Tidak Ada;2
2900;4;141;Tidak Ada;2
2901;123;5215;Tidak Ada;2
2902;5816;244342;Tidak Ada;2
2903;5919;248637;Tidak Ada;2
2904;5816;244343;Tidak Ada;2
2905;5919;248638;Tidak Ada;2
2906;123;5216;April;2
2907;5816;244344;Tidak Ada;2
2908;5816;244345;Tidak Ada;2
2909;123;5217;Tidak Ada;2
2910;5816;244346;Tidak Ada;2
2911;5816;244347;Tidak Ada;2
2912;123;5218;Tidak Ada;2
2913;5816;244348;siang;2
2914;123;5219;Tidak Ada;2
2915;5816;244349;Tidak Ada;2
2916;123;5220;Tidak Ada;2
2917;4;142;Tidak Ada;2
2918;5816;244350;Tidak Ada;2
2919;5816;244351;Tidak Ada;2
2920;123;5221;2010;2
2921;5816;244352;Tidak Ada;2
2922;5816;244353;Tidak Ada;2
2923;123;5222;Tidak Ada;2
2924;5816;244354;Tidak Ada;2
2925;123;5223;1999;2
2926;5816;244355;Tidak Ada;2
2927;5816;244356;Tidak Ada;2
2928;5816;244357;siang;2
2929;123;5224;Tidak Ada;2
2930;123;5225;Tidak Ada;2
2931;123;5226;2009;2
2932;123;5227;cerita pendek berjudul Selamat pada 2011;2
2933;123;5227;2011;2
2934;123;5228;Tidak Ada;2
2935;123;5229;2015;2
2936;123;5230;Tidak Ada;2
2937;123;5231;2017;2
2938;123;5232;Tidak Ada;2
2939;123;5233;Tidak Ada;2
2940;123;5234;Tidak Ada;2
2941;123;5235;2015;2
2942;123;5236;Tidak Ada;2
2943;123;5237;Tidak Ada;2
2944;123;5238;Tidak Ada;2
2945;123;5239;Tidak Ada;2
2946;141;5986;Tidak Ada;2
2947;5952;249851;Kamis (23/8/2018);2
2948;5953;249904;Jumat (24/8/2018);2
2949;5854;246119;Tidak Ada;2
2950;5854;246120;Tidak Ada;2
2951;5854;246121;Tidak Ada;2
2952;5854;246122;Tidak Ada;2
2953;5854;246123;Tidak Ada;2
2954;45;2100;Tidak Ada;2
2955;5854;246124;Tidak Ada;2
2956;45;2101;Tidak Ada;2
2957;5854;246125;Tidak Ada;2
2958;5854;246126;Tidak Ada;2
2959;45;2102;Tidak Ada;2
2960;5854;246127;Tidak Ada;2
2961;5854;246128;Tidak Ada;2
2962;5854;246129;Tidak Ada;2
2963;5854;246130;Mar 19, 2018 at 3:53pm PDT;2
2964;45;2103;Tidak Ada;2
2965;5854;246131;Tidak Ada;2
2966;45;2104;Tidak Ada;2
2967;5854;246132;Tidak Ada;2
2968;45;2105;Tidak Ada;2
2969;5854;246133;Tidak Ada;2
2970;5854;246134;Tidak Ada;2
2971;5854;246135;Tidak Ada;2
2972;45;2106;Tidak Ada;2
2973;45;2107;Tidak Ada;2
2974;5854;246136;Tidak Ada;2
2975;5854;246137;Tidak Ada;2
2976;5854;246138;Tidak Ada;2
2977;5854;246139;Tidak Ada;2
2978;5854;246140;Tidak Ada;2
2979;5854;246141;Tidak Ada;2
2980;5955;250031;August 23, 2018;2
2981;5854;246142;Tidak Ada;2
2982;45;2108;Tidak Ada;2
2983;5955;250032;Tidak Ada;2
2984;5854;246143;Tidak Ada;2
2985;45;2109;Tidak Ada;2
2986;5854;246144;Tidak Ada;2
2987;5955;250033;Tidak Ada;2
2988;5955;250034;Tidak Ada;2
2989;5854;246145;Tidak Ada;2
2990;5961;250257;Tidak Ada;2
2991;5854;246146;Senin;2
2992;5961;250258;Tidak Ada;2
2993;5854;246147;Tidak Ada;2
2994;5854;246148;Tidak Ada;2
2995;45;2110;Tidak Ada;2
2996;5961;250259;Tidak Ada;2
2997;5854;246149;bulan Ramadan;2
2998;5854;246150;Tidak Ada;2
2999;5961;250260;Tidak Ada;2
3000;5854;246151;sore hingga malam hari;2
3001;5961;250261;Tidak Ada;2
3002;5961;250264;Tidak Ada;2
3003;5854;246152;Tidak Ada;2
3004;5854;246153;Tidak Ada;2
3005;5961;250265;Tidak Ada;2
3006;5854;246154;Tidak Ada;2
3007;5854;246155;Tidak Ada;2
3008;5961;250227;Tidak Ada;2
3009;5854;246156;Tidak Ada;2
3010;5961;250228;24-28 Agustus 2018;2
3011;5854;246157;Tidak Ada;2
3012;5961;250229;Tidak Ada;2
3013;5854;246158;Tidak Ada;2
3014;5961;250230;Tidak Ada;2
3015;5854;246159;Tidak Ada;2
3016;5961;250231;Tidak Ada;2
3017;5961;250232;Tidak Ada;2
3018;5854;246160;Tidak Ada;2
3019;5854;246161;Tidak Ada;2
3020;5961;250233;Tidak Ada;2
3021;5854;246162;Tidak Ada;2
3022;5961;250234;Tidak Ada;2
3023;5854;246163;Tidak Ada;2
3024;5854;246164;Tidak Ada;2
3025;5854;246165;Tidak Ada;2
3026;5961;250237;Tidak Ada;2
3027;5854;246166;Tidak Ada;2
3028;5854;246167;Tidak Ada;2
3029;5854;246168;Tidak Ada;2
3030;5854;246169;Tidak Ada;2
3031;5854;246170;Tidak Ada;2
3032;5854;246171;Tidak Ada;2
3033;5961;250238;Tidak Ada;2
3034;5961;250239;Tidak Ada;2
3035;123;5240;Tidak Ada;2
3036;123;5241;Tidak Ada;2
3037;123;5242;Tidak Ada;2
3038;123;5243;April;2
3039;123;5244;Tidak Ada;2
3040;123;5245;Tidak Ada;2
3041;123;5246;Tidak Ada;2
3042;123;5247;Tidak Ada;2
3043;123;5248;Tidak Ada;2
3044;123;5249;Tidak Ada;2
3045;123;5250;Tidak Ada;2
3046;123;5251;Tidak Ada;2
3047;123;5252;Tidak Ada;2
3048;123;5253;Tidak Ada;2
3049;123;5254;Tidak Ada;2
3050;123;5255;Tidak Ada;2
3051;123;5256;Tidak Ada;2
3052;123;5257;Tidak Ada;2
3053;123;5258;Tidak Ada;2
3054;123;5259;Tidak Ada;2
3055;123;5260;Tidak Ada;2
3056;123;5261;Tidak Ada;2
3057;123;5262;Tidak Ada;2
3058;136;5720;ke-20;2
3059;136;5721;2017;2
3060;136;5721;Kamis (16/11/2017);2
3061;136;5721;malam WIB;2
3062;136;5722;2017;2
3063;136;5723;Tidak Ada;2
3064;136;5724;malam;2
3065;136;5725;Tidak Ada;2
3066;136;5726;Tidak Ada;2
3067;136;5727;Tidak Ada;2
3068;136;5728;Tidak Ada;2
3069;136;5729;Nov 16, 2017;2
3070;136;5729;at 7:28pm;2
3071;136;5730;Tidak Ada;2
3072;136;5731;Tidak Ada;2
3073;136;5732;Tidak Ada;2
3074;136;5733;Tidak Ada;2
3075;5813;244251;tidak ada;2
3076;5813;244254;Tidak Ada;2
3077;5813;244255;Tidak Ada;2
3078;5813;244256;Tidak Ada;2
3079;5813;244257;Dua tahun lalu;2
3080;5813;244260;Tidak Ada;2
3081;5813;244219;Selasa;2
3082;5813;244219;(7/8/2018);2
3083;5813;244219;2018;2
3084;5813;244220;2018;2
3085;5813;244221;segera;2
3086;5813;244224;Kini;2
3087;5813;244225;2018;2
3088;5813;244226;sebelumnya;2
3089;4;143;1 abad;2
3090;5813;244228;16/8;2
3091;5813;244229;Tidak Ada;2
3092;5813;244230;18.00 WIB;2
3093;5813;244232;17/8;2
3094;5813;244234;Tidak Ada;2
3095;5813;244235;Tidak Ada;2
3096;5813;244236;Tidak Ada;2
3097;5813;244237;16/8;2
3098;5813;244239;Tidak Ada;2
3099;5813;244242;Tidak Ada;2
3100;5813;244243;Tidak Ada;2
3101;5813;244244;Tidak Ada;2
3102;5813;244249;Tidak Ada;2
3103;5813;244250;Tidak Ada;2
3104;5848;245921;Tidak Ada;2
3105;5848;245922;Tidak Ada;2
3106;5848;245923;Tidak Ada;2
3107;5848;245926;9  12 Agustus;2
3108;5848;245926;kemarin;2
3109;5848;245899;zaman sekarang;2
3110;5848;245900;Tidak Ada;2
3111;5848;245901;Tidak Ada;2
3112;5848;245902;Tidak Ada;2
3113;5848;245903;Tidak Ada;2
3114;5848;245904;Tidak Ada;2
3115;222;9470;Tidak Ada;2
3116;222;9471;Tidak Ada;2
3117;222;9472;Tidak Ada;2
3118;222;9473;Tidak Ada;2
3119;222;9474;Tidak Ada;2
3120;222;9475;Tidak Ada;2
3121;222;9476;2016;2
3122;222;9477;Tidak Ada;2
3123;222;9478;Tidak Ada;2
3124;222;9479;60-an;2
3125;222;9480;Tidak Ada;2
3126;222;9481;dua;2
3127;222;9482;Tidak Ada;2
3128;222;9483;Tidak Ada;2
3129;222;9484;Tidak Ada;2
3130;222;9485;Tidak Ada;2
3131;222;9486;Dec 26, 2016 at 9:53pm PST;2
3132;222;9487;Tidak Ada;2
3133;255;11065;Tidak Ada;2
3134;255;11067;Tidak Ada;2
3135;255;11068;Tidak Ada;2
3136;255;11069;Tidak Ada;2
3137;255;11070;Tidak Ada;2
3138;255;11071;Tidak Ada;2
3139;255;11072;Tidak Ada;2
3140;255;11073;Tidak Ada;2
3141;255;11020;17.05 Wita (21/11/2017).;2
3142;255;11021;Tidak Ada;2
3143;255;11023;Tidak Ada;2
3144;255;11024;Tidak Ada;2
3145;255;11025;Tidak Ada;2
3146;255;11026;Tidak Ada;2
3147;255;11027;Tidak Ada;2
3148;255;11028;Tidak Ada;2
3149;255;11029;Tidak Ada;2
3150;255;11030;Tidak Ada;2
3151;255;11031;Tidak Ada;2
3152;255;11032;Tidak Ada;2
3153;255;11033;Tidak Ada;2
3154;255;11036;Tidak Ada;2
3155;255;11037;Tidak Ada;2
3156;255;11038;30 November;2
3157;255;11039;Tidak Ada;2
3158;255;11041;Tidak Ada;2
3159;255;11042;Tidak Ada;2
3160;255;11044;Tidak Ada;2
3161;255;11045;Tidak Ada;2
3162;255;11046;Tidak Ada;2
3163;255;11047;Tidak Ada;2
3164;255;11048;21 November 2017;2
3165;255;11050;Tidak Ada;2
